orf	bin	CuA	CuZ	call	len_aa
CAN_1_bin.177::contig_4767_pilon_723	CAN_1_bin.177	CuA	DXHH	C-NosZ_cladeI_II	648
CAN_1_bin.77::contig_25145_pilon_497	CAN_1_bin.77	CuA	DXHH	C-NosZ_cladeI_II	623
CAN_1_bin.84::contig_959_pilon_1711	CAN_1_bin.84	noCuA	DXHH	C-NosZ_cladeI_II	810
CAN_1_bin.98::contig_1207_pilon_2398	CAN_1_bin.98	CuA	DXHH	C-NosZ_cladeI_II	756
CAN_2_bin.173::contig_18343_pilon_115	CAN_2_bin.173	noCuA	?	no_CuA	152
CAN_2_bin.173::contig_18343_pilon_116	CAN_2_bin.173	noCuA	DXHH	C-NosZ_cladeI_II	513
CAN_2_bin.176::contig_3015_pilon_1741	CAN_2_bin.176	CuA	DXHH	C-NosZ_cladeI_II	623
CAN_2_bin.23::contig_3967_pilon_315	CAN_2_bin.23	CuA	DXHH	C-NosZ_cladeI_II	651
CAN_2_bin.6::contig_4248_pilon_716	CAN_2_bin.6	CuA	DXHH	C-NosZ_cladeI_II	764
CAN_2_bin.66::contig_18307_pilon_26	CAN_2_bin.66	CuA	DXHH	C-NosZ_cladeI_II	639
CAN_3_bin.10::contig_7299_pilon_443	CAN_3_bin.10	CuA	DXHH	C-NosZ_cladeI_II	650
CAN_3_bin.203::contig_7512_pilon_153	CAN_3_bin.203	CuA	DXHH	C-NosZ_cladeI_II	762
CAN_3_bin.205::contig_22111_pilon_186	CAN_3_bin.205	CuA	DXHH	C-NosZ_cladeI_II	673
CAN_3_bin.208::contig_31755_pilon_10	CAN_3_bin.208	CuA	DXHH	C-NosZ_cladeI_II	766
CAN_3_bin.216::contig_1115_pilon_2365	CAN_3_bin.216	CuA	DXHH	C-NosZ_cladeI_II	651
CAN_3_bin.221::contig_3232_pilon_3118	CAN_3_bin.221	CuA	DXHH	C-NosZ_cladeI_II	676
CAN_3_bin.227::contig_9094_pilon_1029	CAN_3_bin.227	CuA	DXHH	C-NosZ_cladeI_II	651
CAN_4_bin.103::contig_5654_pilon_2657	CAN_4_bin.103	CuA	DXHH	C-NosZ_cladeI_II	663
CAN_4_bin.107::contig_7300_pilon_1	CAN_4_bin.107	noCuA	?	no_CuA	154
CAN_4_bin.107::contig_5549_pilon_17	CAN_4_bin.107	noCuA	?	no_CuA	166
CAN_4_bin.107::contig_15383_pilon_40	CAN_4_bin.107	CuA	?	CuA_only	34
CAN_4_bin.107::contig_15383_pilon_41	CAN_4_bin.107	noCuA	DXHH	C-NosZ_cladeI_II	637
CAN_4_bin.11::contig_283_pilon_1107	CAN_4_bin.11	noCuA	?	no_CuA	167
CAN_4_bin.11::contig_283_pilon_3170	CAN_4_bin.11	noCuA	?	no_CuA	371
CAN_4_bin.11::contig_283_pilon_3197	CAN_4_bin.11	noCuA	?	no_CuA	160
CAN_4_bin.112::contig_21500_pilon_89	CAN_4_bin.112	CuA	DXHH	C-NosZ_cladeI_II	664
CAN_4_bin.166::contig_5922_pilon_1375	CAN_4_bin.166	CuA	DXHH	C-NosZ_cladeI_II	651
CAN_4_bin.195::contig_4623_pilon_4	CAN_4_bin.195	CuA	DXHH	C-NosZ_cladeI_II	763
CAN_4_bin.197::contig_3417_pilon_221	CAN_4_bin.197	CuA	DXHH	C-NosZ_cladeI_II	658
CAN_4_bin.208::contig_17884_pilon_32	CAN_4_bin.208	CuA	DXHH	C-NosZ_cladeI_II	766
CAN_4_bin.220::contig_7059_pilon_154	CAN_4_bin.220	CuA	DXHH	C-NosZ_cladeI_II	764
CAN_4_bin.225::contig_21552_pilon_106	CAN_4_bin.225	CuA	DXHH	C-NosZ_cladeI_II	756
CAN_4_bin.236::contig_3802_pilon_35	CAN_4_bin.236	CuA	DXHH	C-NosZ_cladeI_II	655
CAN_4_bin.238::contig_21236_pilon_101	CAN_4_bin.238	CuA	DXHH	C-NosZ_cladeI_II	661
CAN_4_bin.25::contig_10871_pilon_451	CAN_4_bin.25	CuA	DXHH	C-NosZ_cladeI_II	645
CAN_4_bin.44::contig_2274_pilon_578	CAN_4_bin.44	CuA	DXHH	C-NosZ_cladeI_II	638
CAN_4_bin.62::contig_20278_pilon_12	CAN_4_bin.62	noCuA	?	no_CuA	159
CAN_4_bin.64::contig_20493_pilon_18	CAN_4_bin.64	CuA	DXHH	C-NosZ_cladeI_II	766
CAN_4_bin.70::contig_8184_pilon_36	CAN_4_bin.70	noCuA	?	no_CuA	166
CAN_5_bin.100::contig_180_pilon_91	CAN_5_bin.100	CuA	DXHH	C-NosZ_cladeI_II	647
CAN_5_bin.112::contig_1439_pilon_1024	CAN_5_bin.112	CuA	DXHH	C-NosZ_cladeI_II	668
CAN_5_bin.145::contig_6625_pilon_1497	CAN_5_bin.145	CuA	DXHH	C-NosZ_cladeI_II	663
CAN_5_bin.147::contig_1541_pilon_2526	CAN_5_bin.147	CuA	DXHH	C-NosZ_cladeI_II	663
CAN_5_bin.167::contig_5668_pilon_28	CAN_5_bin.167	CuA	DXHH	C-NosZ_cladeI_II	670
CAN_5_bin.40::contig_15328_pilon_31	CAN_5_bin.40	CuA	DXHH	C-NosZ_cladeI_II	644
CAN_5_bin.62::contig_18830_pilon_29	CAN_5_bin.62	CuA	DXHH	C-NosZ_cladeI_II	676
CAN_5_bin.62::contig_18469_pilon_2	CAN_5_bin.62	noCuA	?	no_CuA	206
CAN_5_bin.70::contig_4019_pilon_50	CAN_5_bin.70	CuA	DXHH	C-NosZ_cladeI_II	762
CAN_5_bin.9::contig_6382_pilon_7	CAN_5_bin.9	noCuA	?	no_CuA	154
coasm_bin.10::contig_6075_pilon_612	coasm_bin.10	CuA	DXHH	C-NosZ_cladeI_II	675
coasm_bin.105::contig_51181_pilon_21	coasm_bin.105	CuA	?	CuA_only	475
coasm_bin.108::contig_34616_pilon_35	coasm_bin.108	CuA	DXHH	C-NosZ_cladeI_II	651
coasm_bin.110::contig_52774_pilon_1	coasm_bin.110	noCuA	DXHH	C-NosZ_cladeI_II	621
coasm_bin.114::contig_18801_pilon_28	coasm_bin.114	CuA	DXHH	C-NosZ_cladeI_II	663
coasm_bin.121::contig_26880_pilon_58	coasm_bin.121	CuA	DXHH	C-NosZ_cladeI_II	664
coasm_bin.132::contig_13513_pilon_2146	coasm_bin.132	CuA	DXHH	C-NosZ_cladeI_II	657
coasm_bin.139::contig_59195_pilon_24	coasm_bin.139	CuA	DXHH	C-NosZ_cladeI_II	655
coasm_bin.142::contig_61138_pilon_124	coasm_bin.142	CuA	DXHH	C-NosZ_cladeI_II	662
coasm_bin.15::contig_19815_pilon_110	coasm_bin.15	CuA	DXHH	C-NosZ_cladeI_II	764
coasm_bin.153::contig_9947_pilon_216	coasm_bin.153	CuA	DXHH	C-NosZ_cladeI_II	696
coasm_bin.156::contig_12303_pilon_1005	coasm_bin.156	noCuA	?	no_CuA	2703
coasm_bin.156::contig_12794_pilon_700	coasm_bin.156	CuA	DXHH	C-NosZ_cladeI_II	660
coasm_bin.157::contig_32105_pilon_10	coasm_bin.157	CuA	DXHH	C-NosZ_cladeI_II	646
coasm_bin.171::contig_42433_pilon_97	coasm_bin.171	CuA	DXHH	C-NosZ_cladeI_II	646
coasm_bin.178::contig_12716_pilon_115	coasm_bin.178	CuA	?	CuA_only	453
coasm_bin.178::contig_12716_pilon_116	coasm_bin.178	noCuA	?	no_CuA	106
coasm_bin.181::contig_12380_pilon_16	coasm_bin.181	CuA	?	CuA_only	303
coasm_bin.181::contig_12380_pilon_17	coasm_bin.181	noCuA	DXHH	C-NosZ_cladeI_II	371
coasm_bin.181::contig_53337_pilon_13	coasm_bin.181	noCuA	?	no_CuA	371
coasm_bin.181::contig_53337_pilon_14	coasm_bin.181	noCuA	?	no_CuA	159
coasm_bin.181::contig_14660_pilon_188	coasm_bin.181	noCuA	?	no_CuA	171
coasm_bin.183::contig_62262_pilon_19	coasm_bin.183	CuA	DXHH	C-NosZ_cladeI_II	714
coasm_bin.185::contig_2971_pilon_19	coasm_bin.185	CuA	DXHH	C-NosZ_cladeI_II	766
coasm_bin.188::contig_17623_pilon_172	coasm_bin.188	noCuA	?	no_CuA	328
coasm_bin.196::contig_50271_pilon_45	coasm_bin.196	CuA	DXHH	C-NosZ_cladeI_II	764
coasm_bin.196::contig_5554_pilon_88	coasm_bin.196	CuA	DXHH	C-NosZ_cladeI_II	646
coasm_bin.202::contig_48293_pilon_37	coasm_bin.202	CuA	DXHH	C-NosZ_cladeI_II	645
coasm_bin.203::contig_44546_pilon_7	coasm_bin.203	noCuA	DXHH	C-NosZ_cladeI_II	156
coasm_bin.203::contig_8862_pilon_14	coasm_bin.203	CuA	DXHH	C-NosZ_cladeI_II	658
coasm_bin.208::contig_40293_pilon_12	coasm_bin.208	CuA	DXHH	C-NosZ_cladeI_II	647
coasm_bin.213::contig_58971_pilon_22	coasm_bin.213	CuA	DXHH	C-NosZ_cladeI_II	658
coasm_bin.214::contig_35828_pilon_32	coasm_bin.214	CuA	DXHH	C-NosZ_cladeI_II	764
coasm_bin.22::contig_61755_pilon_45	coasm_bin.22	noCuA	?	no_CuA	157
coasm_bin.22::contig_50426_pilon_2	coasm_bin.22	noCuA	?	no_CuA	169
coasm_bin.222::contig_2019_pilon_281	coasm_bin.222	CuA	DXHH	C-NosZ_cladeI_II	650
coasm_bin.222::contig_22655_pilon_270	coasm_bin.222	noCuA	?	no_CuA	316
coasm_bin.233::contig_58993_pilon_53	coasm_bin.233	CuA	DXHH	C-NosZ_cladeI_II	646
coasm_bin.238::contig_15862_pilon_89	coasm_bin.238	noCuA	DXHH	C-NosZ_cladeI_II	387
coasm_bin.238::contig_15862_pilon_90	coasm_bin.238	CuA	?	CuA_only	287
coasm_bin.246::contig_10496_pilon_23	coasm_bin.246	CuA	?	CuA_only	380
coasm_bin.246::contig_10496_pilon_27	coasm_bin.246	CuA	DXHH	C-NosZ_cladeI_II	672
coasm_bin.248::contig_60309_pilon_123	coasm_bin.248	CuA	DXHH	C-NosZ_cladeI_II	651
coasm_bin.248::contig_32176_pilon_30	coasm_bin.248	CuA	DXHH	C-NosZ_cladeI_II	647
coasm_bin.249::contig_10326_pilon_132	coasm_bin.249	noCuA	?	no_CuA	180
coasm_bin.249::contig_60339_pilon_78	coasm_bin.249	CuA	DXHH	C-NosZ_cladeI_II	644
coasm_bin.250::contig_2873_pilon_199	coasm_bin.250	CuA	DXHH	C-NosZ_cladeI_II	766
coasm_bin.256::contig_61326_pilon_18	coasm_bin.256	noCuA	?	no_CuA	313
coasm_bin.256::contig_59740_pilon_16	coasm_bin.256	CuA	DXHH	C-NosZ_cladeI_II	761
coasm_bin.259::contig_53215_pilon_5	coasm_bin.259	CuA	DXHH	C-NosZ_cladeI_II	654
coasm_bin.260::contig_20316_pilon_652	coasm_bin.260	noCuA	?	no_CuA	157
coasm_bin.260::contig_20316_pilon_654	coasm_bin.260	noCuA	?	no_CuA	375
coasm_bin.260::contig_6013_pilon_471	coasm_bin.260	noCuA	?	no_CuA	171
coasm_bin.260::contig_9348_pilon_468	coasm_bin.260	CuA	DXHH	C-NosZ_cladeI_II	659
coasm_bin.268::contig_56871_pilon_134	coasm_bin.268	CuA	DXHH	C-NosZ_cladeI_II	658
coasm_bin.280::contig_18138_pilon_55	coasm_bin.280	noCuA	?	no_CuA	512
coasm_bin.286::contig_58492_pilon_78	coasm_bin.286	CuA	DXHH	C-NosZ_cladeI_II	662
coasm_bin.31::contig_3566_pilon_1336	coasm_bin.31	CuA	DXHH	C-NosZ_cladeI_II	648
coasm_bin.312::contig_62613_pilon_69	coasm_bin.312	CuA	?	CuA_only	204
coasm_bin.312::contig_62613_pilon_70	coasm_bin.312	noCuA	GXHH	L-NosZ_cladeIII	201
coasm_bin.312::contig_62613_pilon_71	coasm_bin.312	noCuA	DXHH	C-NosZ_cladeI_II	209
coasm_bin.313::contig_33514_pilon_14	coasm_bin.313	CuA	DXHH	C-NosZ_cladeI_II	665
coasm_bin.313::contig_9789_pilon_151	coasm_bin.313	noCuA	?	no_CuA	168
coasm_bin.313::contig_32202_pilon_45	coasm_bin.313	noCuA	?	no_CuA	323
coasm_bin.313::contig_32202_pilon_48	coasm_bin.313	noCuA	?	no_CuA	165
coasm_bin.314::contig_41358_pilon_112	coasm_bin.314	CuA	DXHH	C-NosZ_cladeI_II	648
coasm_bin.315::contig_35537_pilon_10	coasm_bin.315	noCuA	?	no_CuA	167
coasm_bin.318::contig_59797_pilon_27	coasm_bin.318	noCuA	DXHH	C-NosZ_cladeI_II	473
coasm_bin.318::contig_59797_pilon_28	coasm_bin.318	CuA	?	CuA_only	135
coasm_bin.320::contig_53505_pilon_10	coasm_bin.320	CuA	DXHH	C-NosZ_cladeI_II	613
coasm_bin.322::contig_29718_pilon_39	coasm_bin.322	CuA	DXHH	C-NosZ_cladeI_II	662
coasm_bin.325::contig_12578_pilon_229	coasm_bin.325	noCuA	DXHH	C-NosZ_cladeI_II	865
coasm_bin.335::contig_6714_pilon_63	coasm_bin.335	CuA	DXHH	C-NosZ_cladeI_II	646
coasm_bin.340::contig_25192_pilon_46	coasm_bin.340	CuA	DXHH	C-NosZ_cladeI_II	642
coasm_bin.347::contig_35836_pilon_87	coasm_bin.347	CuA	DXHH	C-NosZ_cladeI_II	766
coasm_bin.348::contig_6311_pilon_1621	coasm_bin.348	CuA	DXHH	C-NosZ_cladeI_II	759
coasm_bin.350::contig_11599_pilon_64	coasm_bin.350	CuA	DXHH	C-NosZ_cladeI_II	718
coasm_bin.358::contig_30729_pilon_20	coasm_bin.358	CuA	DXHH	C-NosZ_cladeI_II	693
coasm_bin.362::contig_46179_pilon_25	coasm_bin.362	noCuA	DXHH	C-NosZ_cladeI_II	255
coasm_bin.364::contig_19213_pilon_2814	coasm_bin.364	CuA	DXHH	C-NosZ_cladeI_II	659
coasm_bin.365::contig_29115_pilon_1289	coasm_bin.365	CuA	DXHH	C-NosZ_cladeI_II	649
coasm_bin.373::contig_12727_pilon_277	coasm_bin.373	CuA	DXHH	C-NosZ_cladeI_II	670
coasm_bin.392::contig_61242_pilon_23	coasm_bin.392	CuA	DXHH	C-NosZ_cladeI_II	643
coasm_bin.393::contig_62164_pilon_21	coasm_bin.393	noCuA	?	no_CuA	108
coasm_bin.393::contig_62164_pilon_22	coasm_bin.393	noCuA	DXHH	C-NosZ_cladeI_II	264
coasm_bin.393::contig_62164_pilon_24	coasm_bin.393	noCuA	?	no_CuA	91
coasm_bin.393::contig_62164_pilon_25	coasm_bin.393	CuA	?	CuA_only	106
coasm_bin.394::contig_8321_pilon_2	coasm_bin.394	CuA	DXHH	C-NosZ_cladeI_II	653
coasm_bin.399::contig_13235_pilon_7	coasm_bin.399	noCuA	?	no_CuA	334
coasm_bin.399::contig_14298_pilon_1033	coasm_bin.399	CuA	DXHH	C-NosZ_cladeI_II	650
coasm_bin.40::contig_7814_pilon_986	coasm_bin.40	CuA	DXHH	C-NosZ_cladeI_II	663
coasm_bin.420::contig_59792_pilon_172	coasm_bin.420	CuA	DXHH	C-NosZ_cladeI_II	652
coasm_bin.425::contig_59333_pilon_2525	coasm_bin.425	CuA	DXHH	C-NosZ_cladeI_II	677
coasm_bin.426::contig_49052_pilon_123	coasm_bin.426	noCuA	?	no_CuA	166
coasm_bin.441::contig_4727_pilon_626	coasm_bin.441	CuA	DXHH	C-NosZ_cladeI_II	651
coasm_bin.466::contig_31330_pilon_46	coasm_bin.466	CuA	DXHH	C-NosZ_cladeI_II	670
coasm_bin.468::contig_39176_pilon_14	coasm_bin.468	CuA	DXHH	C-NosZ_cladeI_II	639
coasm_bin.47::contig_11401_pilon_124	coasm_bin.47	noCuA	?	no_CuA	166
coasm_bin.47::contig_12371_pilon_26	coasm_bin.47	CuA	DXHH	C-NosZ_cladeI_II	663
coasm_bin.481::contig_7991_pilon_176	coasm_bin.481	CuA	DXHH	C-NosZ_cladeI_II	678
coasm_bin.481::contig_12275_pilon_166	coasm_bin.481	noCuA	?	no_CuA	161
coasm_bin.482::contig_44997_pilon_2269	coasm_bin.482	CuA	DXHH	C-NosZ_cladeI_II	651
coasm_bin.484::contig_5704_pilon_500	coasm_bin.484	CuA	DXHH	C-NosZ_cladeI_II	766
coasm_bin.492::contig_42928_pilon_23	coasm_bin.492	noCuA	DXHH	C-NosZ_cladeI_II	490
coasm_bin.492::contig_42928_pilon_24	coasm_bin.492	noCuA	?	no_CuA	136
coasm_bin.497::contig_19386_pilon_202	coasm_bin.497	CuA	DXHH	C-NosZ_cladeI_II	634
coasm_bin.51::contig_26936_pilon_32	coasm_bin.51	noCuA	?	no_CuA	350
coasm_bin.51::contig_4728_pilon_779	coasm_bin.51	CuA	DXHH	C-NosZ_cladeI_II	645
coasm_bin.514::contig_53870_pilon_102	coasm_bin.514	CuA	DXHH	C-NosZ_cladeI_II	654
coasm_bin.521::contig_25474_pilon_11	coasm_bin.521	CuA	DXHH	C-NosZ_cladeI_II	660
coasm_bin.529::contig_10309_pilon_3	coasm_bin.529	CuA	DXHH	C-NosZ_cladeI_II	647
coasm_bin.529::contig_46596_pilon_7	coasm_bin.529	CuA	DXHH	C-NosZ_cladeI_II	766
coasm_bin.53::contig_7194_pilon_472	coasm_bin.53	CuA	DXHH	C-NosZ_cladeI_II	663
coasm_bin.538::contig_60728_pilon_153	coasm_bin.538	CuA	DXHH	C-NosZ_cladeI_II	585
coasm_bin.539::contig_6624_pilon_2260	coasm_bin.539	CuA	DXHH	C-NosZ_cladeI_II	659
coasm_bin.54::contig_32379_pilon_41	coasm_bin.54	CuA	DXHH	C-NosZ_cladeI_II	692
coasm_bin.540::contig_52041_pilon_15	coasm_bin.540	noCuA	?	no_CuA	155
coasm_bin.543::contig_11244_pilon_1690	coasm_bin.543	CuA	DXHH	C-NosZ_cladeI_II	665
coasm_bin.543::contig_11244_pilon_2498	coasm_bin.543	noCuA	?	no_CuA	142
coasm_bin.543::contig_11244_pilon_2559	coasm_bin.543	noCuA	?	no_CuA	380
coasm_bin.543::contig_11244_pilon_2944	coasm_bin.543	noCuA	?	no_CuA	158
coasm_bin.543::contig_11244_pilon_3241	coasm_bin.543	noCuA	?	no_CuA	159
coasm_bin.548::contig_32964_pilon_9	coasm_bin.548	CuA	DXHH	C-NosZ_cladeI_II	665
coasm_bin.55::contig_60669_pilon_225	coasm_bin.55	CuA	DXHH	C-NosZ_cladeI_II	644
coasm_bin.551::contig_19342_pilon_401	coasm_bin.551	CuA	DXHH	C-NosZ_cladeI_II	659
coasm_bin.555::contig_4260_pilon_908	coasm_bin.555	CuA	DXHH	C-NosZ_cladeI_II	638
coasm_bin.563::contig_26482_pilon_149	coasm_bin.563	noCuA	?	no_CuA	330
coasm_bin.578::contig_21031_pilon_2035	coasm_bin.578	CuA	DXHH	C-NosZ_cladeI_II	639
coasm_bin.579::contig_15826_pilon_2350	coasm_bin.579	CuA	DXHH	C-NosZ_cladeI_II	659
coasm_bin.61::contig_58584_pilon_368	coasm_bin.61	CuA	DXHH	C-NosZ_cladeI_II	665
coasm_bin.92::contig_19574_pilon_826	coasm_bin.92	noCuA	?	no_CuA	157
