MAG,iterativeID,K00023,K00362,K00363,K00368,K00370,K00371,K00374,K00376,K00626,K00634,K00688,K00700,K00702,K00703,K00925,K00937,K01214,K01514,K01659,K01720,K01847,K01848,K01895,K01908,K02035,K02036,K02037,K02038,K02039,K02040,K02305,K02567,K02568,K03385,K03821,K04561,K05973,K07636,K07657,K15864,K15876,K22468,nosZ_clade,nosZ_subclade,nosZ_confidence,ppk1_type,ppk1_species
CAN_1_bin.148,Dokdonella.5,0,0,0,0,0,0,0,0,1,0,0,0,0,0,0,1,0,0,0,0,0,0,0,0,0,1,1,1,1,1,0,0,0,0,0,0,0,1,1,0,0,0,,,,,
CAN_1_bin.174,Gracilibacteria.30,0,0,0,0,0,0,0,0,0,0,0,0,0,0,0,0,0,0,0,0,0,0,0,0,0,0,0,0,0,0,0,0,0,0,0,0,0,0,0,0,0,0,,,,,
CAN_1_bin.177,Pararhodobacter.1_m,0,0,0,0,0,0,0,0,0,0,0,0,0,0,0,0,0,0,0,0,0,0,0,0,0,0,0,0,0,0,0,0,0,0,0,0,0,0,0,0,0,0,,,,,
CAN_1_bin.180,Bdellovibrio.13,0,0,0,0,0,0,0,0,0,0,0,0,0,0,0,0,0,0,0,0,0,0,0,0,0,0,0,0,0,0,0,0,0,0,0,0,0,0,0,0,0,0,,,,,
CAN_1_bin.195,Ca_Falkowbacteria.7,0,0,0,0,0,0,0,0,0,0,0,0,0,0,0,0,0,0,0,0,0,0,0,0,0,0,0,0,0,0,0,0,0,0,0,0,0,0,0,0,0,0,,,,,
CAN_1_bin.2,Ignavibacteria.5,0,0,0,0,0,0,0,0,0,0,0,0,0,0,0,0,0,0,0,0,0,0,0,0,0,0,0,0,0,0,0,0,0,0,0,0,0,0,0,0,0,0,,,,,
CAN_1_bin.210,Dokdonella.14,0,0,0,0,0,0,0,0,0,0,0,0,0,0,0,0,0,0,0,0,0,0,0,0,0,0,0,0,0,0,0,0,0,0,0,0,0,0,0,0,0,0,,,,,
CAN_1_bin.48,Paceibacteria.1_m,0,0,0,0,0,0,0,0,0,0,0,0,0,0,0,0,0,0,0,0,0,0,0,0,0,0,0,0,0,0,0,0,0,0,0,0,0,0,0,0,0,0,,,,,
CAN_1_bin.5,Micavibrionaceae.1_m,1,0,0,0,0,0,0,0,0,0,0,0,0,0,1,0,0,0,0,0,0,0,0,0,0,0,0,0,0,0,0,0,0,0,1,0,0,0,0,0,0,0,,,,,
CAN_1_bin.77,Thermoanaerobaculia.1_m,0,0,0,0,0,0,0,0,0,0,0,0,0,0,0,0,0,0,0,0,0,1,0,0,0,0,0,0,0,0,0,0,0,0,0,0,0,0,0,0,0,0,II,II.G,high,,
CAN_1_bin.84,Phototrophicaceae.1_m,0,0,0,1,0,0,0,0,2,0,0,0,0,0,0,0,0,0,0,0,0,0,0,0,0,1,1,1,0,0,0,0,0,0,0,0,0,0,0,0,0,0,,,,,
CAN_1_bin.98,Accumulibacter.1_m,0,1,1,0,0,0,0,0,2,0,1,0,0,1,0,0,0,0,0,0,0,0,0,0,0,0,0,0,0,1,0,0,0,0,2,0,0,0,0,0,0,1,II,II.D,high,Type I (unclassified),
CAN_2_bin.125,Pseudoxanthomonas_A.1_m,2,0,0,0,0,0,0,0,1,0,0,0,0,0,0,0,0,0,0,0,0,0,0,0,0,0,0,0,0,0,0,1,1,0,0,0,0,0,0,0,0,0,,,,,
CAN_2_bin.151,Brevundimonas.4,0,0,0,0,0,0,0,0,1,0,0,0,0,0,0,1,0,0,0,0,0,0,0,0,0,0,0,0,0,0,0,0,0,0,0,0,0,0,0,0,0,0,,,,,
CAN_2_bin.159,Pseudoxanthomonas.23,1,0,0,0,0,0,0,0,0,0,0,0,0,0,0,0,0,0,0,0,0,0,0,0,0,1,1,1,1,2,0,0,0,0,0,1,0,0,0,0,0,0,,,,,
CAN_2_bin.173,Burkholderiaceae.1_m,0,0,0,0,0,0,0,0,0,0,0,0,0,0,0,0,0,0,0,0,2,0,2,0,1,0,0,0,0,0,0,0,0,0,0,0,0,0,0,0,0,0,,,,,
CAN_2_bin.176,Thermoanaerobaculia.2_m,0,0,0,0,0,0,0,1,2,0,1,0,1,1,1,1,1,0,0,0,0,2,3,1,4,3,2,2,1,3,0,0,0,1,0,2,0,3,2,0,1,1,,,,,
CAN_2_bin.23,Zoogloea.11,2,2,2,0,0,0,0,1,4,0,0,0,0,0,2,1,0,0,1,1,1,0,1,1,1,1,1,1,1,1,1,1,1,0,3,1,2,1,1,1,0,1,,,,,
CAN_2_bin.6,Desulfobacillus.1_m,2,1,1,0,0,0,0,1,6,0,1,1,0,1,1,1,1,0,0,0,2,1,3,1,0,1,1,1,1,1,0,1,1,0,3,0,0,1,1,2,0,0,II,II.D,high,,
CAN_2_bin.66,Chthoniobacterales.1_m,0,0,0,0,0,0,0,1,0,0,1,3,0,1,0,2,1,0,0,0,4,0,4,0,1,1,1,1,1,2,0,0,0,0,0,0,0,0,0,0,0,1,,,,,
CAN_3_bin.10,Rhodobacter.13,1,0,0,0,0,0,0,1,5,1,1,1,0,1,2,1,2,0,0,0,1,0,3,1,13,1,1,1,2,2,1,0,0,0,1,1,1,1,1,1,0,3,,,,,
CAN_3_bin.124,Thermomonas.1,1,0,0,1,0,0,1,0,3,0,0,0,0,0,1,0,0,0,1,1,0,0,1,0,0,1,1,1,1,2,0,0,0,0,1,1,1,0,0,0,0,0,,,,,
CAN_3_bin.13,Pseudoxanthomonas_A.2_m,2,0,0,1,0,0,0,0,2,0,0,0,0,0,0,1,0,0,1,0,0,0,1,1,0,1,1,1,1,2,0,1,1,0,1,1,1,1,1,0,0,0,,,,,
CAN_3_bin.203,Ancalomicrobiaceae.1_m,1,1,1,0,0,0,0,1,5,2,1,1,0,1,1,1,0,0,0,0,2,0,4,1,7,1,1,1,1,1,1,1,1,0,1,1,1,1,1,1,0,2,II,II.D,high,,
CAN_3_bin.205,Niabella.2,1,0,0,0,0,0,0,1,1,0,1,1,0,2,1,3,0,0,0,0,0,1,1,0,0,0,0,0,0,1,0,0,0,0,0,0,0,2,0,0,0,1,,,,,
CAN_3_bin.208,Azospira_A.1_m,2,2,1,0,0,0,0,1,2,1,0,0,0,0,1,1,0,0,0,0,0,0,2,1,0,1,1,1,1,2,1,1,1,0,3,1,0,3,4,2,0,3,,,,,
CAN_3_bin.216,Zoogloea.3,2,2,2,0,0,0,0,1,6,0,0,0,0,0,2,1,0,0,0,0,1,0,2,1,0,1,1,1,1,1,1,1,1,0,3,1,0,1,1,1,0,1,,,,,
CAN_3_bin.221,Ignavibacteria.31,0,0,0,0,0,0,0,1,1,0,1,1,0,1,0,1,0,0,0,0,1,2,2,0,6,1,1,1,1,2,0,0,0,9,0,0,0,1,1,0,2,1,II,II.B,high,,
CAN_3_bin.227,Kapaibacterium.1_m,0,0,0,0,0,0,0,0,0,0,0,0,0,0,0,0,0,0,0,0,0,0,0,0,0,0,0,0,0,0,0,0,0,0,0,0,0,0,0,0,0,0,,,,,
CAN_3_bin.43,Luteimonas_D.1_m,0,0,0,0,0,0,0,0,0,0,0,0,0,0,0,0,0,0,0,0,0,0,0,0,0,0,0,0,0,0,0,0,0,0,0,0,0,0,0,0,0,0,,,,,
CAN_4_bin.103,Aggregatilineales.1_m,0,0,0,2,0,0,0,1,1,0,2,1,1,1,0,1,1,0,0,0,1,2,1,0,9,1,1,1,2,2,3,0,0,1,0,0,0,3,2,0,1,1,,,,,
CAN_4_bin.107,Caldilinea.1_m,0,0,0,10,0,0,0,2,7,0,3,6,0,2,0,3,2,0,0,0,1,4,8,1,19,1,2,2,1,3,0,0,0,1,0,0,0,5,2,0,1,0,,,,,
CAN_4_bin.11,Villigracilis.1_m,0,1,1,2,1,0,1,0,4,1,1,0,1,1,0,1,0,0,0,0,1,2,2,0,7,4,3,3,1,3,0,0,0,1,0,0,0,4,1,1,2,1,,,,,
CAN_4_bin.112,Bacteroidia.1_m,1,0,0,2,0,0,0,1,1,0,0,0,0,1,0,1,0,0,0,0,0,1,1,0,3,0,0,0,0,1,2,0,0,0,0,2,0,3,0,0,0,0,,,,,
CAN_4_bin.116,Competibacter.1_m,1,1,1,0,0,0,0,0,2,1,1,4,0,1,0,1,3,0,0,1,2,1,2,1,0,1,1,1,2,1,0,0,0,0,4,0,0,1,1,0,0,0,,,,,
CAN_4_bin.142,Vicingus.1,1,0,0,1,2,1,1,0,2,0,0,0,0,1,0,0,0,0,0,0,2,0,1,0,6,0,0,0,0,0,1,0,0,0,0,1,0,1,0,1,0,0,,,,,
CAN_4_bin.152,Brevundimonas.1_m,1,0,0,0,1,1,1,0,4,0,0,0,0,0,0,1,0,0,0,0,3,0,2,0,0,1,1,1,1,0,0,0,0,0,2,0,1,1,1,0,0,1,,,,,
CAN_4_bin.154,Aquimonas.4,4,0,0,0,0,0,0,0,0,0,0,0,0,0,0,1,0,0,1,0,0,0,2,5,0,1,1,1,1,2,0,0,0,0,1,1,1,1,3,1,0,1,,,,,
CAN_4_bin.166,Ignavibacterium.4,0,0,0,0,0,0,0,1,1,0,1,1,0,2,1,2,1,0,0,1,3,1,2,0,1,1,1,1,1,3,0,0,0,3,0,0,0,1,0,0,2,0,,,,,
CAN_4_bin.195,Azonexus.1_m,1,0,0,0,0,0,0,1,4,0,1,1,0,0,1,2,0,0,0,0,1,0,2,1,0,1,1,1,1,3,0,1,1,0,4,0,0,1,1,2,0,4,,,,,
CAN_4_bin.197,Ignavibacteria.13,0,0,0,0,0,0,0,1,1,0,1,1,0,3,1,1,0,0,0,0,2,1,2,0,2,2,1,1,1,3,0,0,0,8,0,1,0,2,2,0,1,0,,,,,
CAN_4_bin.208,Azospira_A.2_m,3,1,1,0,0,0,0,1,4,1,0,0,0,0,1,1,0,0,0,0,1,0,2,1,0,1,1,1,1,2,1,1,1,0,3,1,0,1,1,2,0,2,,,,,
CAN_4_bin.220,Bosea.1,1,1,1,0,0,0,0,1,3,0,1,1,0,1,0,1,0,0,0,0,2,0,4,1,9,1,1,1,1,3,1,1,1,0,1,1,1,2,1,1,0,1,,,,,
CAN_4_bin.225,Accumulibacter.2_m,1,1,1,0,0,0,0,1,2,0,2,1,0,0,1,1,2,0,0,0,1,0,2,0,0,2,2,2,2,2,0,2,1,0,1,0,0,1,1,0,0,3,,,,,
CAN_4_bin.236,Thauera.34,4,1,1,0,0,0,0,1,4,0,2,1,0,2,2,1,2,0,0,0,1,0,2,1,1,1,1,1,1,1,1,1,1,0,3,1,2,1,1,2,0,1,,,,,
CAN_4_bin.238,Phaeodactylibacter.3,1,0,0,1,0,0,0,1,1,0,2,1,0,2,0,1,1,0,0,0,2,0,1,1,1,0,0,0,0,0,1,0,0,0,1,1,0,4,0,0,0,1,,,,,
CAN_4_bin.25,Competibacter_A.1_m,1,1,1,0,1,1,1,1,2,2,1,4,1,1,1,1,1,0,0,0,3,2,2,2,1,1,1,1,2,4,1,0,0,0,5,1,0,2,1,1,0,0,,,,,
CAN_4_bin.35,Brevundimonas.7,1,0,0,0,1,1,1,0,4,0,0,0,0,0,0,1,0,0,0,0,1,0,1,0,0,1,1,1,1,1,0,0,0,0,1,1,1,1,1,0,0,1,,,,,
CAN_4_bin.38,Salinispiraceae.1_m,0,0,0,0,0,0,0,0,1,0,2,1,1,1,1,0,2,0,0,0,0,0,0,0,6,0,0,0,1,3,0,0,0,0,0,0,0,0,1,0,0,1,,,,,
CAN_4_bin.44,Mesorhizobium.22,2,0,0,1,1,1,1,1,11,0,1,1,0,1,0,1,0,0,0,0,2,1,4,1,11,1,1,1,2,2,0,0,0,0,2,0,1,1,2,0,0,2,,,,,
CAN_4_bin.62,Anaerolineaceae.1_m,0,0,1,0,0,0,0,0,0,0,0,0,0,0,0,0,0,0,0,0,1,1,0,0,4,2,2,2,0,2,0,0,0,0,0,0,0,0,0,0,0,3,,,,,
CAN_4_bin.64,Accumulibacter.3_m,0,0,0,0,0,0,0,1,3,1,2,3,0,1,1,1,2,0,1,1,1,0,2,1,0,3,2,2,2,3,0,0,0,0,2,0,2,1,1,2,0,1,,,,Type I (unclassified),
CAN_4_bin.70,Phototrophicaceae.2_m,1,0,0,2,0,1,0,0,2,1,3,1,0,1,0,1,0,0,0,0,0,2,1,0,8,1,1,1,0,3,0,0,0,2,0,0,0,3,2,1,1,0,,,,,
CAN_4_bin.72,Competibacter_A.2_m,2,0,0,0,3,2,3,0,1,2,0,3,0,0,5,5,4,0,0,0,5,0,1,1,0,4,3,3,1,7,1,0,0,0,5,2,0,1,1,1,0,3,,,,,
CAN_4_bin.76,Dojkabacteria.1_m,0,0,0,0,0,0,0,0,0,0,0,0,0,0,0,0,0,0,0,0,0,0,0,0,0,0,0,0,0,0,0,0,0,0,0,0,0,0,0,0,0,0,,,,,
CAN_4_bin.92,Flexifilum.1_m,0,0,0,3,0,0,0,0,4,0,0,0,0,1,0,1,1,0,0,0,0,1,2,0,9,1,1,2,0,0,0,0,0,0,0,0,0,3,2,0,0,1,,,,,
CAN_5_bin.1,Rhabdaerophilum.1_m,1,1,1,0,1,1,1,0,4,0,0,0,0,0,0,1,0,0,0,0,2,0,3,1,10,1,1,1,1,1,0,0,0,0,1,0,1,1,1,0,0,1,,,,,
CAN_5_bin.100,Ignavibacteriaceae.1_m,0,0,0,0,0,0,0,1,1,0,2,1,1,1,0,1,0,0,0,0,0,2,2,0,0,1,2,1,1,2,0,0,0,2,0,0,0,4,0,0,0,0,,,,,
CAN_5_bin.106,Competibacter.2_m,1,1,1,0,2,1,1,0,2,1,1,2,1,1,1,1,2,0,0,0,6,1,2,0,0,1,1,1,2,2,1,0,0,0,5,1,0,1,1,0,0,0,,,,,
CAN_5_bin.112,Terrimonas.22,0,0,0,0,0,0,0,1,2,0,1,2,0,2,1,0,0,0,0,0,0,1,1,0,0,0,0,0,0,1,0,0,0,0,0,0,0,3,0,0,0,1,II,II.C,high,,
CAN_5_bin.145,Bacteroidia.19,0,0,0,3,0,0,0,1,1,0,1,1,0,1,0,1,0,0,0,0,2,0,1,0,2,0,0,0,0,1,0,0,0,0,0,0,0,2,0,0,0,0,,,,,
CAN_5_bin.146,Altimarinus.1_m,0,0,0,0,0,0,0,0,0,0,0,0,0,0,0,0,0,0,0,0,0,0,0,0,0,0,0,0,0,0,0,0,0,0,0,0,0,0,0,0,0,0,,,,,
CAN_5_bin.147,Terrimonas.3,0,0,0,0,0,0,0,1,1,0,1,1,0,2,0,1,0,0,0,0,0,1,1,1,1,0,0,0,0,1,0,0,0,0,0,0,0,4,0,0,0,0,II,II.C,high,,
CAN_5_bin.149,Flavipsychrobacter.1_m,2,0,0,0,0,0,0,0,3,0,0,1,1,1,0,1,2,0,0,0,0,1,3,2,2,0,0,0,0,1,0,0,0,0,2,0,0,4,0,0,0,0,,,,,
CAN_5_bin.150,Paceibacteria.2_m,0,0,0,0,0,0,0,0,0,0,0,0,0,0,1,0,0,0,0,0,0,0,0,0,1,0,0,0,0,0,0,0,0,0,0,0,0,0,0,0,0,0,,,,,
CAN_5_bin.167,Ignavibacteria.21,0,0,1,0,0,0,0,1,2,0,0,2,0,0,0,2,0,0,0,0,1,2,3,0,5,2,1,1,1,2,0,0,0,8,0,0,0,2,0,0,2,1,,,,,
CAN_5_bin.169,Spirochaetota.1_m,0,0,1,0,0,0,0,0,0,0,1,2,0,0,0,1,5,0,0,0,0,0,0,0,0,1,1,2,0,6,0,0,0,0,0,0,0,2,0,0,0,1,,,,,
CAN_5_bin.173,Bacteroidia.11,1,0,0,1,0,0,0,0,2,0,0,0,0,1,0,1,0,0,0,0,2,0,2,0,1,0,0,0,0,1,0,0,0,0,0,0,0,4,0,0,0,0,,,,,
CAN_5_bin.177,Lysobacter.2,2,0,0,0,0,0,0,0,2,0,1,1,0,0,0,1,2,0,1,0,0,0,1,1,1,1,1,1,1,1,0,0,0,0,1,1,1,1,1,1,0,1,,,,,
CAN_5_bin.180,Anaerolineaceae.24,0,4,1,1,1,1,1,0,5,0,1,0,0,2,0,1,0,0,0,0,1,1,0,0,7,3,1,2,1,1,0,0,0,1,0,0,0,1,1,3,2,2,,,,,
CAN_5_bin.2,Rhodospirillales.3,1,0,0,0,1,1,1,0,1,0,0,0,0,0,1,0,0,0,0,0,0,0,0,0,0,0,0,0,0,0,0,0,0,0,2,0,1,0,0,0,0,0,,,,,
CAN_5_bin.40,Giesbergeria.1_m,1,1,1,0,1,1,1,1,9,1,0,0,0,0,1,2,0,0,1,0,0,0,1,1,5,1,1,1,1,2,2,0,0,0,1,2,2,1,1,1,0,0,I,II.G,low,,
CAN_5_bin.52,Beijerinckiaceae.1_m,0,1,1,0,0,0,0,0,4,0,1,1,0,1,0,1,1,0,0,0,2,0,4,1,0,1,1,1,1,1,0,1,1,0,3,0,1,0,1,0,0,1,,,,,
CAN_5_bin.62,Caldilinea.2_m,0,0,1,8,0,0,0,1,4,0,3,5,0,1,0,2,1,0,0,0,2,2,3,0,23,2,1,4,1,2,0,0,0,1,0,0,0,3,1,0,1,0,,,,,
CAN_5_bin.70,Azonexus.12,1,1,1,0,0,0,0,1,3,0,1,1,0,1,2,2,1,0,0,0,1,0,2,1,0,0,0,0,0,2,0,1,1,0,5,0,0,0,0,2,0,3,II,II.D,high,,
CAN_5_bin.9,Villigracilaceae.1_m,0,2,1,1,0,0,0,0,4,0,1,0,2,1,0,1,1,0,0,0,1,2,2,0,12,3,3,3,2,3,0,0,0,1,0,0,0,3,2,0,1,0,,,,,
CAN_5_bin.90,Gracilibacteria.25,0,0,0,0,0,0,0,0,0,0,0,0,0,0,0,0,0,0,0,0,0,0,0,0,0,0,0,0,0,0,0,0,0,0,0,0,0,1,0,0,0,1,,,,,
CAN_5_bin.97,Azospira.1,1,1,1,0,0,0,0,0,2,0,0,0,0,0,1,1,0,0,0,0,1,0,1,0,0,1,1,1,1,1,0,0,0,0,5,0,2,1,1,0,0,0,,,,,
coasm_bin.10,Leptovillus.1_m,0,0,1,2,0,0,0,1,6,0,1,2,0,1,1,1,1,0,0,0,1,1,1,1,9,5,3,3,3,2,1,0,0,1,0,0,0,2,4,1,1,1,,,,,
coasm_bin.103,Phototrophicaceae.3_m,0,0,0,5,0,0,0,0,2,0,1,1,0,0,0,1,0,0,0,0,0,2,2,0,9,1,1,1,0,1,1,0,0,0,0,0,0,2,1,0,0,0,,,,,
coasm_bin.105,Rhodobacter.5,1,0,0,2,0,0,0,1,4,2,1,1,0,1,0,1,2,0,0,0,2,0,2,0,12,1,1,1,1,2,1,0,0,0,0,2,0,1,0,0,0,5,,,,,
coasm_bin.108,Tabrizicola.1_m,1,0,0,0,0,0,0,1,5,0,1,1,0,2,1,1,1,0,0,0,2,0,5,3,12,1,1,1,1,1,2,0,0,0,1,2,1,2,1,2,0,2,,,,,
coasm_bin.110,Leptonema.1,1,1,1,0,0,0,0,1,5,0,2,0,0,0,0,0,4,0,0,0,1,0,2,0,0,0,0,0,0,1,3,0,0,0,0,2,0,1,0,1,0,3,,,,,
coasm_bin.112,Microgenomatia.1_m,0,0,0,0,0,0,0,0,1,0,0,0,0,1,0,0,0,0,0,0,0,0,1,0,1,0,0,0,0,0,1,0,0,0,0,0,0,0,0,0,0,0,,,,,
coasm_bin.114,Sphingobacteriales.16,1,0,0,0,0,0,0,1,2,0,0,0,0,1,0,1,0,0,0,0,5,0,1,1,2,0,0,0,0,1,0,0,0,0,1,0,0,4,0,0,0,0,,,,,
coasm_bin.115,Phototrophicaceae.4_m,0,0,0,3,0,0,0,0,3,0,0,1,0,0,0,0,0,0,0,0,0,0,1,0,9,2,1,2,0,2,0,0,0,1,0,0,0,2,1,0,1,0,,,,,
coasm_bin.117,Chitinophagaceae.1_m,0,0,0,0,0,0,0,0,1,0,0,2,0,2,0,1,0,0,0,0,1,3,0,1,1,0,0,0,0,1,0,0,0,0,0,0,0,3,0,0,0,0,,,,,
coasm_bin.118,Beijerinckiaceae.2_m,1,0,0,0,0,0,0,0,4,0,1,2,0,1,0,1,0,0,0,0,2,0,3,1,14,1,1,1,1,1,0,1,1,0,1,0,2,1,1,0,0,2,,,,,
coasm_bin.121,Sphingobacteriales.13,1,0,0,0,0,0,0,1,1,0,0,0,0,1,0,1,0,0,0,0,2,0,1,0,3,0,0,0,0,1,1,0,0,0,1,1,0,2,0,0,0,0,,,,,
coasm_bin.125,Flavobacterium.1_m,0,0,0,0,0,0,0,0,0,0,0,1,0,0,0,1,0,0,0,0,0,0,3,1,0,0,0,0,0,1,0,0,0,0,0,0,0,1,0,0,0,0,,,,,
coasm_bin.13,Bryobacter.14,1,0,1,1,0,0,0,0,0,0,0,1,0,1,1,1,1,0,0,0,2,0,0,0,0,0,0,0,0,0,0,0,0,1,0,1,0,1,1,0,1,0,,,,,
coasm_bin.131,Azoarcus_F.1_m,2,0,0,0,1,1,1,0,2,0,1,2,0,1,1,2,1,0,0,0,2,0,5,1,1,0,0,0,1,0,1,1,1,0,1,1,0,1,1,1,0,0,,,,,
coasm_bin.132,Cyclobacteriaceae.1_m,0,0,0,1,0,0,0,1,2,0,1,1,0,1,0,1,0,0,0,0,2,0,1,0,0,0,0,0,0,0,0,0,0,0,0,0,0,2,0,0,0,0,,,,,
coasm_bin.133,Kaistella.1_m,0,0,0,0,0,0,0,0,1,0,0,4,0,3,0,0,0,0,0,0,3,0,1,1,0,0,0,0,0,1,2,0,0,0,0,1,0,1,0,0,0,0,,,,,
coasm_bin.134,Lysobacter_B.1_m,2,0,0,1,0,0,0,0,2,0,0,0,0,0,0,1,0,0,1,0,0,0,1,0,0,1,1,1,1,2,0,0,0,0,1,1,1,1,1,0,0,0,,,,,
coasm_bin.135,Flavipsychrobacter.2_m,3,0,0,0,0,0,0,0,0,0,0,0,0,1,0,1,0,0,0,0,0,1,1,0,0,0,0,0,0,1,1,0,0,0,0,1,0,2,0,0,0,0,,,,,
coasm_bin.138,Hyphomicrobiaceae.1_m,1,1,1,0,1,1,3,0,5,2,0,0,0,0,1,1,0,0,0,0,1,0,2,1,11,1,1,1,1,2,0,2,1,0,1,0,0,1,1,0,0,2,,,,,
coasm_bin.139,Planctomycetota.15,0,0,0,0,0,0,0,1,2,0,1,0,0,2,0,2,0,0,0,0,1,0,1,0,2,1,1,1,1,2,0,0,0,0,0,0,0,3,2,0,0,0,,,,,
coasm_bin.142,Sphingobacteriales.30,1,0,0,2,0,0,0,1,1,0,0,0,0,1,0,0,0,0,0,0,0,2,1,0,1,1,2,1,1,2,1,0,0,0,0,1,0,2,0,0,0,0,,,,,
coasm_bin.147,Holophaga.1_m,0,1,0,0,0,0,0,0,2,1,2,3,0,2,1,0,1,0,0,0,2,0,2,1,1,2,1,2,2,4,0,0,0,1,0,2,0,2,1,0,2,0,,,,,
coasm_bin.15,Sulfuritalea.1_m,2,1,1,0,0,0,0,1,6,0,4,1,0,1,2,1,0,0,0,0,2,2,2,1,0,1,1,1,1,1,0,1,1,0,3,0,0,1,1,2,0,2,,,,,
coasm_bin.150,Ignavibacterium.5,0,0,0,0,0,0,0,0,1,0,2,1,1,3,1,1,1,0,0,0,1,2,1,0,0,1,1,1,1,2,0,0,0,2,0,0,0,4,0,0,2,1,,,,,
coasm_bin.153,Phycisphaeraceae.20,0,0,1,0,0,0,0,1,1,0,1,2,1,1,1,1,0,0,1,1,0,1,1,0,0,1,1,1,2,1,0,0,0,1,0,0,0,0,1,0,1,0,,,,,
coasm_bin.156,Saprospiraceae.3,1,0,0,2,0,0,0,1,1,0,1,1,0,2,1,1,0,0,0,0,2,0,1,0,1,0,0,0,0,1,0,0,0,0,0,0,0,6,0,0,0,0,,,,,
coasm_bin.157,Gammaproteobacteria.1_m,0,0,0,0,1,1,0,1,2,0,1,3,0,1,0,1,1,0,0,0,1,0,0,0,0,0,0,0,0,2,1,0,0,0,1,7,0,1,1,1,0,2,,,,,
coasm_bin.161,Planctomycetota.9,0,0,2,0,1,1,1,0,3,0,0,0,0,0,0,1,0,0,0,0,0,1,2,0,3,1,0,1,1,1,0,0,0,1,0,1,0,0,2,1,1,2,,,,,
coasm_bin.171,Inhella.3,1,1,1,0,1,1,1,1,4,1,1,0,0,1,1,1,1,0,0,0,1,0,1,1,4,1,1,1,1,1,1,1,1,0,2,1,1,1,2,1,0,2,,,,,
coasm_bin.178,Ancalomicrobiaceae.2_m,1,1,1,0,0,0,0,2,6,1,1,1,2,1,2,2,0,0,0,0,3,0,4,1,9,1,1,1,1,2,1,1,1,0,2,1,4,1,1,1,0,2,,,,,
coasm_bin.181,Anaerolineae.1_m,0,0,0,1,2,0,1,4,7,0,2,1,0,0,0,2,1,0,0,0,2,5,2,0,7,3,3,3,2,3,1,0,0,1,0,0,0,2,2,0,1,1,,,,,
coasm_bin.183,Gemmatimonas.3,0,0,2,1,0,0,0,1,1,0,1,1,0,1,1,1,0,0,0,0,0,2,1,0,6,1,1,1,2,2,1,0,0,0,0,1,0,1,1,0,0,1,,,,,
coasm_bin.185,Accumulibacter.4_m,1,1,1,0,0,0,0,1,3,1,2,3,0,1,1,2,3,0,1,1,1,1,2,1,0,1,1,1,2,2,0,1,1,0,3,1,2,1,2,2,0,3,II,II.D,high,IA,Ca. Accumulibacter regalis
coasm_bin.188,Bacteroidales.13,1,0,0,1,0,0,0,0,0,0,1,1,1,1,1,1,0,0,1,0,2,0,1,0,0,2,2,2,1,3,0,0,0,0,0,1,0,3,2,0,1,2,,,,,
coasm_bin.196,Beijerinckiaceae.3_m,2,1,1,0,0,0,0,2,6,1,1,2,0,0,1,1,0,0,0,0,2,0,3,1,14,1,1,1,1,1,1,1,1,0,2,1,1,1,1,1,0,1,,,,,
coasm_bin.2,Ottowia.1_m,2,1,1,0,1,1,1,0,8,1,0,0,0,0,1,2,0,0,1,0,1,0,1,1,5,1,1,1,1,1,1,0,0,0,3,1,2,1,1,1,0,2,,,,,
coasm_bin.201,Prosthecobacter.3,0,0,0,3,0,0,0,0,1,0,2,1,0,0,0,1,1,0,0,0,0,0,1,0,2,1,0,1,1,1,2,0,1,0,0,1,0,3,2,0,0,1,,,,,
coasm_bin.202,Albidovulum.1_m,1,1,1,0,0,0,0,1,5,1,1,0,0,1,0,1,1,0,0,0,1,0,3,1,9,1,1,1,1,1,1,0,0,0,4,1,1,1,1,1,0,3,,,,,
coasm_bin.203,Fuscibacter.1_m,1,1,1,1,0,0,0,1,5,1,1,1,0,1,1,1,1,0,0,0,1,0,3,1,11,1,1,1,1,2,1,0,0,0,1,1,1,1,1,0,0,3,,,,,
coasm_bin.206,Oligoflexia.6,0,0,0,0,0,0,0,0,1,0,0,0,0,0,0,0,0,0,0,0,1,2,0,0,5,0,0,0,0,0,0,0,0,0,0,0,0,0,0,0,0,0,,,,,
coasm_bin.207,Treponematales.1_m,0,0,0,0,0,0,0,0,2,1,1,0,0,1,2,1,1,0,0,0,1,1,0,0,10,1,1,1,1,1,0,0,0,0,0,0,0,3,1,0,0,0,,,,,
coasm_bin.208,Niveibacterium.1,2,3,2,0,0,0,0,1,6,1,1,2,7,1,1,2,2,0,0,0,1,0,1,1,2,2,2,2,1,4,1,6,0,0,3,1,0,1,1,1,0,2,,,,,
coasm_bin.209,Herpetosiphon.4,0,0,0,3,0,0,0,0,1,0,2,1,0,2,0,5,0,0,0,0,0,2,0,0,13,2,1,1,3,0,0,0,0,0,0,0,0,4,0,0,0,0,,,,,
coasm_bin.213,Flavipsychrobacter.3_m,2,0,0,3,0,0,0,1,1,0,1,0,0,1,0,1,0,0,0,0,0,1,1,0,1,0,0,0,0,2,1,0,0,0,2,1,0,3,0,0,0,0,,,,,
coasm_bin.214,Desulfobacillus.2_m,2,2,2,0,1,1,0,1,8,0,1,1,0,1,0,1,0,0,0,0,2,1,2,1,0,1,1,1,1,1,0,1,1,0,3,1,1,1,1,0,0,0,,,,,
coasm_bin.215,Chiayiivirga.1_m,1,0,0,1,1,1,1,0,2,0,0,0,0,0,0,1,0,0,1,1,0,0,1,0,0,0,0,0,0,0,0,0,0,0,1,2,1,1,1,1,0,1,,,,,
coasm_bin.218,Micropepsaceae.1_m,1,0,0,0,0,0,0,0,8,0,0,0,0,0,0,1,0,0,0,0,1,0,1,0,6,1,1,2,1,1,0,0,0,0,2,1,1,2,1,0,0,0,,,,,
coasm_bin.219,Paracoccus.13,1,1,1,0,0,0,0,0,6,1,1,3,0,1,1,0,1,0,1,1,1,0,5,1,4,0,0,0,0,0,0,0,0,0,2,0,2,1,0,0,0,2,,,,,
coasm_bin.22,Leptolinea.4,0,0,0,1,0,0,0,0,3,0,1,0,1,1,0,0,0,0,0,0,0,0,0,0,11,1,1,2,0,2,0,0,0,0,0,0,0,2,2,0,0,1,,,,,
coasm_bin.221,Microgenomatia.2_m,0,0,0,0,0,0,0,0,0,0,1,0,0,0,0,0,0,0,0,0,0,0,0,0,1,0,0,0,0,0,0,0,0,0,0,0,0,0,0,0,0,0,,,,,
coasm_bin.222,Zoogloea.2,2,2,2,0,0,0,0,1,6,0,1,0,0,1,2,1,0,0,0,1,1,0,1,1,0,1,1,1,1,1,1,2,1,0,3,1,3,1,1,1,0,1,,,,,
coasm_bin.223,Rhodocyclaceae.1_m,0,1,1,0,0,0,0,0,0,0,0,0,0,0,0,2,0,0,0,0,1,0,1,0,0,1,1,1,1,1,0,1,0,0,2,0,0,1,1,0,0,0,,,,,
coasm_bin.226,Arenimonas.7,0,0,0,1,0,0,0,0,2,0,0,0,0,0,0,1,1,0,1,1,0,0,0,0,0,2,2,3,2,3,0,0,0,0,0,1,0,1,1,1,0,0,,,,,
coasm_bin.231,Bryobacter.8,0,0,1,0,1,1,1,0,0,0,1,1,0,1,1,1,1,0,0,0,2,0,1,0,0,0,0,0,0,0,0,0,0,1,0,1,0,1,1,0,1,0,,,,,
coasm_bin.233,Gammaproteobacteria.7,0,0,0,0,1,1,0,1,3,1,1,1,0,1,1,2,0,0,0,0,1,0,1,0,0,0,1,1,0,2,1,0,0,0,1,3,0,1,2,4,0,2,,,,,
coasm_bin.237,Holophaga.2_m,0,1,0,0,0,0,0,0,4,1,2,2,0,2,1,1,0,0,0,0,2,0,1,0,1,1,1,2,2,4,0,0,0,1,0,1,0,2,0,0,2,1,,,,,
coasm_bin.238,Rhodothermaceae.5,0,0,0,0,0,0,0,2,1,0,1,2,0,1,0,3,2,0,1,0,0,0,1,0,0,1,1,1,1,1,0,0,0,0,0,0,0,0,0,0,0,0,,,,,
coasm_bin.24,Absconditicoccaceae.1_m,0,0,0,0,0,0,0,0,0,0,0,0,0,0,0,0,0,0,0,0,0,0,0,0,1,0,0,0,0,0,0,0,0,0,0,0,0,0,0,0,0,0,,,,,
coasm_bin.240,Villigracilis.2_m,0,0,1,2,3,3,1,0,3,0,0,0,1,0,0,1,0,0,0,0,0,1,2,0,7,5,3,4,1,3,0,0,0,0,0,0,0,6,1,0,1,0,,,,,
coasm_bin.246,Sulfuricystis.1_m,1,2,1,0,0,0,0,2,3,0,1,4,0,0,1,3,3,0,0,0,1,0,2,1,0,0,1,1,0,2,1,1,1,0,3,1,0,0,0,1,0,1,,,,,
coasm_bin.248,Neotabrizicola.1_m,1,1,0,0,3,1,1,2,5,1,1,1,0,2,1,1,1,0,0,0,1,0,4,1,11,1,1,1,1,2,2,0,0,0,1,2,1,1,1,2,0,5,,,,,
coasm_bin.249,Giesbergeria.2_m,1,1,1,0,0,0,0,1,7,1,0,0,0,0,1,2,0,0,1,0,1,0,1,0,4,1,1,1,1,1,0,1,1,0,4,2,2,1,1,5,0,1,,,,,
coasm_bin.25,Paceibacteria.3_m,0,0,0,0,0,0,0,0,0,0,0,0,0,0,0,0,0,0,0,0,0,0,0,0,0,0,0,0,0,0,0,0,0,0,0,0,0,1,0,0,0,0,,,,,
coasm_bin.250,Accumulibacter.5_m,1,1,1,0,0,0,0,1,3,1,1,1,0,1,1,2,2,0,1,1,1,1,4,1,1,1,1,1,2,1,0,1,1,0,4,1,1,1,1,2,0,4,,,,IC,Ca. Accumulibacter delftensis
coasm_bin.251,Competibacter_A.3_m,1,0,0,0,4,2,2,0,2,3,2,7,1,0,1,2,2,0,0,0,6,1,2,2,1,2,2,4,1,5,0,0,0,0,2,0,0,0,0,1,0,0,,,,,
coasm_bin.255,Hydrogenophaga.5,1,1,1,0,1,1,1,0,7,0,1,1,0,1,0,1,1,0,0,0,1,0,2,0,1,1,1,1,1,1,0,0,0,0,2,0,2,1,3,0,0,5,,,,,
coasm_bin.256,Azonexus.1,3,1,1,0,0,0,0,1,3,0,0,0,0,0,2,1,0,0,0,0,1,0,1,1,0,1,1,1,1,1,1,2,2,0,3,2,0,1,1,1,0,1,,,,,
coasm_bin.258,Sandaracinus.1,0,0,1,1,2,0,0,0,4,0,2,2,0,1,1,1,1,0,0,0,1,2,2,0,1,1,0,1,1,1,1,3,1,2,2,1,0,3,0,0,1,2,,,,,
coasm_bin.259,Mariniflexile.1_m,0,0,0,2,0,0,0,1,1,0,1,1,0,1,1,0,1,0,0,0,3,0,0,0,1,0,0,0,0,0,1,0,0,1,0,1,0,3,0,0,0,0,,,,,
coasm_bin.260,Ca_Sarcinithrix.1,0,0,0,1,0,0,0,1,5,0,2,1,1,0,0,2,2,0,0,0,0,3,2,0,4,3,3,2,2,2,1,0,0,1,0,0,0,1,1,0,1,1,II,II.D,high,,
coasm_bin.261,Flexifilum.2_m,0,0,0,2,0,0,0,0,2,0,1,0,0,1,0,0,0,0,0,0,1,1,1,0,7,0,0,0,0,1,0,0,0,1,0,0,0,5,2,0,1,1,,,,,
coasm_bin.262,Phreatobacter.1_m,1,1,0,1,1,1,1,0,6,0,0,0,0,0,0,2,0,0,0,0,0,0,4,1,14,1,1,1,1,2,0,0,0,0,3,0,2,1,1,0,0,1,,,,,
coasm_bin.265,Rhodocyclaceae.20,2,1,1,0,1,1,1,0,4,0,0,0,0,0,1,1,0,0,0,0,2,0,1,1,0,1,1,1,1,1,0,1,1,0,5,0,7,2,1,0,0,0,,,,,
coasm_bin.268,Flavipsychrobacter.4_m,2,0,0,1,0,0,0,1,1,0,1,0,0,1,0,1,0,0,0,0,0,1,0,0,1,0,0,0,0,1,1,0,0,0,1,1,0,2,0,0,0,0,,,,,
coasm_bin.27,Phycisphaeraceae.31,0,0,0,0,0,0,0,0,1,0,1,1,0,0,0,1,0,1,0,1,3,0,1,0,1,1,1,1,1,1,0,0,0,1,0,0,0,0,1,0,1,0,,,,,
coasm_bin.271,Casimicrobium.1_m,1,1,1,0,1,1,1,0,5,1,0,0,0,0,0,2,0,0,1,0,0,0,2,1,4,1,1,1,1,2,0,0,0,0,1,0,2,1,1,1,0,1,,,,,
coasm_bin.277,Dokdonella.17,0,0,0,1,0,0,0,0,2,0,0,0,0,0,1,1,0,0,0,0,0,0,0,0,0,1,1,1,1,2,0,0,0,0,1,1,1,1,1,0,0,0,,,,,
coasm_bin.278,Kiritimatiellia.1_m,0,0,0,0,0,0,0,0,0,0,1,7,0,3,0,0,0,0,1,1,0,0,1,0,0,0,0,0,0,0,0,0,0,1,0,0,0,1,2,0,0,0,,,,,
coasm_bin.279,Xinfangfangia.1_m,1,0,0,1,0,0,0,0,3,2,1,1,0,1,1,1,1,0,0,0,1,0,3,1,9,0,0,0,0,0,0,0,0,0,2,0,2,2,0,0,0,2,,,,,
coasm_bin.28,Rhodanobacteraceae.5,2,0,0,0,0,0,0,0,2,1,2,0,0,1,1,1,2,0,1,0,0,0,1,0,0,1,1,1,1,2,0,1,1,0,1,1,1,2,1,1,0,1,,,,,
coasm_bin.280,Mesorhizobium_A.1_m,1,0,0,1,1,1,1,0,5,0,1,1,0,0,1,1,0,0,0,0,2,0,4,1,9,1,1,1,2,1,0,0,0,0,2,0,1,1,1,0,0,2,,,,,
coasm_bin.286,Sphingobacteriales.9,2,0,0,0,0,0,0,1,2,0,0,0,0,1,0,1,0,0,0,0,2,0,1,0,2,0,0,0,0,2,1,0,0,0,1,1,0,6,0,0,0,0,,,,,
coasm_bin.289,Phreatobacter.3,1,1,0,0,1,1,1,0,6,0,0,0,0,0,0,1,0,0,0,0,2,0,5,2,20,1,1,1,1,1,0,0,0,0,1,0,2,1,1,0,0,1,,,,,
coasm_bin.290,Xanthobacteraceae.4,1,1,0,0,0,0,0,0,4,0,0,0,0,0,0,1,0,0,0,0,0,1,2,1,3,0,0,0,0,0,0,1,1,0,1,0,1,0,0,0,0,0,,,,,
coasm_bin.293,Verrucomicrobiales.2,2,0,0,0,0,0,0,0,1,0,1,2,0,0,0,1,1,0,0,0,0,0,0,0,2,2,2,4,1,2,4,0,0,0,0,2,0,2,1,0,0,1,,,,,
coasm_bin.298,Bacteroidales.1_m,1,0,0,0,3,0,1,0,1,1,1,3,0,1,1,1,0,0,1,0,4,1,1,0,2,1,1,1,0,3,0,0,0,1,0,2,0,4,0,0,2,1,,,,,
coasm_bin.305,Hydrogenedensaceae.8,0,0,3,0,0,0,0,0,0,0,2,2,0,1,0,2,0,0,1,1,0,0,0,0,2,1,2,1,1,1,1,0,0,0,0,0,0,0,1,0,0,0,,,,,
coasm_bin.31,Rhodobacteraceae.1,1,0,0,0,0,0,0,1,4,1,1,1,0,1,1,1,1,0,0,0,1,0,5,1,21,1,1,1,1,2,1,0,0,0,3,1,1,1,1,1,0,3,,,,,
coasm_bin.312,Flavobacteriales.1_m,0,0,0,0,0,0,0,3,0,0,0,0,0,2,0,1,0,0,0,0,1,0,1,0,1,0,0,0,0,1,2,0,0,0,0,1,0,3,0,0,0,0,,,,,
coasm_bin.313,Phototrophicaceae.5_m,0,0,0,2,0,0,0,1,4,0,1,1,0,1,0,1,0,0,0,0,1,2,1,0,14,1,1,2,0,2,1,0,0,0,0,0,0,3,5,0,1,1,,,,,
coasm_bin.314,Spirosomataceae.1_m,1,0,0,1,0,0,0,1,1,0,1,1,0,1,0,2,1,0,1,1,0,0,1,0,0,0,0,0,0,2,1,0,0,0,0,1,0,3,0,0,0,0,,,,,
coasm_bin.315,Villigracilis.3_m,0,0,1,2,0,0,0,0,7,0,3,0,1,1,0,0,0,0,0,0,1,2,5,1,9,1,1,1,0,1,0,0,0,1,0,0,0,0,0,2,1,2,,,,,
coasm_bin.318,Thermoanaerobaculia.3_m,1,1,0,0,1,1,1,2,3,0,3,0,0,1,1,2,1,0,0,0,1,2,2,0,8,3,2,3,2,2,0,0,0,1,0,1,0,2,0,0,1,0,,,,,
coasm_bin.320,Thermomicrobiales.1_m,0,0,0,1,0,0,0,1,1,0,2,0,0,0,0,0,2,0,0,0,0,1,2,0,27,1,1,1,3,1,0,1,0,0,0,0,0,1,0,0,0,0,,,,,
coasm_bin.321,Dokdonella.2,2,0,0,1,1,1,1,0,2,0,0,0,0,0,1,1,0,0,1,1,0,0,1,0,0,1,1,1,1,2,0,0,0,0,1,0,1,1,1,1,0,0,,,,,
coasm_bin.322,Flavipsychrobacter.5_m,0,0,0,1,0,0,0,1,1,0,0,0,0,1,0,1,0,0,0,0,0,1,0,0,0,1,1,1,1,2,2,0,0,0,0,2,0,2,0,0,0,0,,,,,
coasm_bin.324,Chthoniobacterales.2_m,0,0,0,0,0,0,0,0,0,0,1,3,0,2,0,1,1,0,0,0,2,0,2,0,1,1,1,1,1,2,0,0,0,0,0,0,0,0,0,0,0,1,,,,,
coasm_bin.325,Flexifilum.3_m,0,0,0,1,0,0,0,0,2,0,1,1,2,1,0,2,2,0,0,0,0,2,1,0,12,1,1,2,0,3,0,0,0,1,1,1,0,5,2,0,1,0,,,,,
coasm_bin.335,Inhella.1_m,1,1,1,0,0,0,0,1,6,0,1,0,1,1,0,1,2,0,0,0,1,0,1,1,5,1,1,1,1,1,1,1,1,0,2,1,1,1,1,1,0,1,,,,,
coasm_bin.336,Micavibrionaceae.2_m,1,0,0,0,1,1,1,0,2,1,0,0,0,0,3,0,0,0,0,0,0,0,0,0,1,0,0,0,0,0,0,0,0,0,3,0,1,0,0,0,0,0,,,,,
coasm_bin.337,Ignavibacteria.7,0,0,0,1,0,0,0,0,2,0,2,1,0,2,0,2,0,0,0,0,1,2,1,0,4,2,1,1,1,2,0,0,0,3,0,0,0,2,1,0,1,1,,,,,
coasm_bin.338,Pseudorhodobacter.1,0,0,0,0,0,0,0,0,5,0,1,2,0,1,1,1,2,0,0,0,1,0,3,1,8,1,1,1,2,3,0,0,0,0,1,0,1,1,1,0,0,2,,,,,
coasm_bin.340,Mesorhizobium_A.2_m,2,0,0,1,0,0,0,1,5,0,1,1,0,1,1,1,0,0,0,0,2,0,7,1,11,1,1,1,2,1,0,0,0,0,2,0,1,1,1,0,0,1,,,,,
coasm_bin.347,Accumulibacter.6_m,2,2,1,0,0,0,0,1,4,1,2,2,0,1,1,2,2,0,1,1,2,1,3,1,0,2,2,2,2,4,0,1,1,0,4,1,1,1,2,2,0,3,,,,IIA,Ca. Accumulibacter phosphatis
coasm_bin.348,Myxococcaceae.11,0,0,1,1,2,2,0,1,4,1,2,2,0,3,1,1,2,0,0,0,0,2,1,0,2,0,0,0,0,0,2,0,0,1,2,1,0,1,3,0,1,0,,,,,
coasm_bin.350,Phycisphaeraceae.13,0,0,0,0,0,0,0,1,1,0,2,1,1,0,0,0,0,0,1,0,0,1,1,0,1,1,0,1,2,1,0,0,0,1,0,0,0,1,2,0,1,0,,,,,
coasm_bin.358,Phycisphaeraceae.22,0,0,0,0,0,0,0,1,1,0,0,1,1,0,0,1,0,0,0,2,2,1,1,0,1,1,1,1,2,1,0,0,0,1,0,0,0,0,2,0,1,0,,,,,
coasm_bin.362,Runella.3,1,2,1,0,0,0,0,1,5,0,0,3,0,1,0,1,0,0,0,0,1,0,1,0,0,0,0,0,0,1,0,0,0,0,0,0,0,3,0,0,0,0,,,,,
coasm_bin.364,Sediminibacterium.5,0,0,0,0,0,0,0,1,2,0,1,1,0,2,0,1,0,0,0,0,0,1,1,0,0,0,0,0,0,1,1,0,0,0,0,1,0,2,0,0,0,0,,,,,
coasm_bin.365,Ca_Competibacter.109,2,1,1,0,1,1,1,1,2,2,1,4,1,1,1,1,2,0,0,0,2,1,2,1,0,1,1,1,1,1,1,0,0,0,5,1,0,1,1,1,0,0,,,,,
coasm_bin.367,Luteimonas_D.2_m,2,0,0,0,0,0,0,0,2,0,0,0,0,0,1,1,0,0,1,0,0,0,2,1,0,1,1,0,1,2,0,0,0,0,1,0,1,1,1,0,0,0,,,,,
coasm_bin.373,Leadbetterella.18,0,0,0,0,0,0,0,1,2,0,1,1,0,1,1,1,0,0,0,0,1,1,1,1,0,0,0,0,0,1,0,0,0,0,0,0,0,3,0,0,0,1,,,,,
coasm_bin.383,Ca_Pacebacteria.9,0,0,0,0,0,0,0,0,0,0,0,0,0,0,0,0,0,0,0,0,0,0,0,0,0,0,0,0,0,0,0,0,0,0,0,0,0,0,0,0,0,0,,,,,
coasm_bin.385,Microgenomatia.3_m,1,0,0,0,0,0,0,0,1,0,3,0,0,0,0,0,0,0,0,0,0,0,0,0,1,0,0,0,0,0,0,0,0,0,0,0,0,0,0,0,0,0,,,,,
coasm_bin.386,alphaI_cluster.1,2,0,0,0,0,0,0,0,6,0,1,1,0,1,0,1,0,0,0,0,2,0,3,1,22,1,1,1,1,2,1,1,1,0,1,1,2,1,1,1,0,2,,,,,
coasm_bin.388,Absconditicoccaceae.2_m,0,0,0,0,0,0,0,0,0,0,0,0,0,0,0,0,0,0,0,0,0,0,0,0,1,0,0,0,0,0,0,0,0,0,0,0,0,0,0,0,0,0,,,,,
coasm_bin.389,Phototrophicaceae.6_m,0,0,0,2,0,0,0,0,3,0,1,1,0,1,0,1,1,0,0,0,0,2,1,0,9,1,1,2,0,1,0,0,0,1,0,0,0,6,4,0,1,0,,,,,
coasm_bin.392,Gemmobacter.1,1,1,1,0,0,0,0,1,8,2,1,1,0,1,1,1,1,0,0,0,1,0,3,1,12,1,1,1,1,2,1,0,0,0,1,1,1,1,1,1,0,3,,,,,
coasm_bin.393,Ignavibacteriaceae.2_m,0,0,0,0,0,0,0,5,1,0,1,1,1,4,1,1,1,0,0,1,2,1,4,0,1,0,0,0,2,1,0,0,0,2,0,0,0,7,0,0,2,0,,,,,
coasm_bin.394,Chelatococcus.1_m,1,1,1,0,0,0,0,1,10,2,0,1,0,1,2,1,1,0,0,0,2,0,1,0,53,1,1,1,1,1,0,0,0,0,3,0,1,1,2,0,0,1,,,,,
coasm_bin.395,Chiayiivirga.2_m,1,0,0,1,1,1,1,0,2,1,0,0,0,0,1,1,0,0,1,0,0,0,1,0,0,0,0,0,0,0,1,0,0,0,1,2,1,1,1,1,0,1,,,,,
coasm_bin.399,Bosea.3,3,0,0,1,0,0,0,1,3,0,0,0,0,0,2,1,0,0,0,1,2,0,4,1,42,1,1,1,1,1,1,1,1,0,2,1,1,1,2,0,0,2,,,,,
coasm_bin.40,Flavipsychrobacter.6_m,2,0,0,2,0,0,0,1,2,0,0,0,0,1,0,1,0,0,0,0,0,1,1,0,1,0,0,0,0,1,1,0,0,0,1,1,0,1,0,0,0,0,,,,,
coasm_bin.400,Sphingobacteriales.53,1,0,0,1,0,0,0,0,1,0,0,0,0,1,0,1,0,0,0,0,0,1,1,0,4,1,1,1,1,2,0,0,0,0,0,0,0,3,0,0,0,0,,,,,
coasm_bin.407,Ca_Pacebacteria.8,0,0,0,2,0,0,0,0,0,0,0,0,0,0,0,0,0,0,0,0,0,0,0,0,1,0,0,0,0,0,0,0,0,0,0,0,0,0,0,0,0,0,,,,,
coasm_bin.409,Chitinophagaceae.18,0,0,0,0,0,0,0,2,0,0,0,2,0,1,0,1,0,0,0,0,0,1,0,0,0,0,0,0,0,0,0,0,0,0,0,0,0,2,0,0,0,0,,,,,
coasm_bin.41,Dojkabacteria.2_m,0,0,0,0,0,0,0,0,0,0,0,0,0,0,1,0,0,0,0,0,0,0,0,0,1,0,0,0,0,0,0,0,0,0,0,0,0,0,0,0,0,0,,,,,
coasm_bin.411,Aquimonas.1,2,0,0,0,1,1,1,0,2,0,0,0,0,0,0,1,0,0,1,0,0,0,1,1,0,1,1,1,2,2,0,0,0,0,1,1,1,2,1,1,0,0,,,,,
coasm_bin.414,Terrimicrobium.2,0,0,0,0,0,0,0,0,0,0,1,4,0,1,0,1,1,0,0,0,3,0,3,0,0,1,1,1,0,3,0,0,0,0,0,0,0,1,0,0,0,0,,,,,
coasm_bin.417,Dokdonella_A.1_m,2,0,0,1,0,0,0,0,2,1,0,0,0,0,1,1,0,0,1,1,0,0,1,0,0,1,1,1,1,2,1,0,0,0,2,1,1,1,1,1,0,1,,,,,
coasm_bin.420,Mesorhizobium_I.1_m,3,0,0,2,1,0,1,1,7,0,1,1,0,1,1,1,0,0,0,0,3,1,4,1,18,1,1,1,2,1,0,1,1,0,1,0,1,1,1,0,0,2,,,,,
coasm_bin.423,Bryobacter.12,0,0,0,0,1,0,1,0,0,0,1,1,0,1,1,1,2,0,0,0,2,0,1,0,1,0,0,0,0,0,0,0,0,1,0,1,0,0,1,0,1,0,,,,,
coasm_bin.425,Rhodothermaceae.3,0,0,0,0,0,0,0,1,1,0,1,2,0,1,0,1,1,0,0,0,2,0,2,0,0,1,1,1,1,2,0,0,0,0,0,0,0,1,1,0,0,1,,,,,
coasm_bin.426,Phototrophicaceae.7_m,0,0,0,0,0,0,0,0,2,1,2,2,0,1,0,1,0,0,0,0,0,1,1,0,13,1,1,1,0,3,0,0,0,1,0,0,0,4,2,0,1,0,,,,,
coasm_bin.437,Mesorhizobium_G.1_m,1,0,0,1,0,0,0,0,6,2,1,1,0,1,2,2,0,0,0,0,2,0,3,3,10,1,2,1,2,2,0,0,0,0,3,0,0,1,1,0,0,3,,,,,
coasm_bin.441,Ignavibacterium.2,0,0,0,0,0,0,0,1,1,0,1,1,0,2,1,1,1,0,0,1,3,1,2,0,0,1,1,1,1,2,0,0,0,1,0,0,0,1,0,0,2,0,,,,,
coasm_bin.447,Dojkabacteria.3_m,0,0,0,0,0,0,0,0,0,0,1,0,0,0,0,0,0,0,0,0,0,0,0,0,0,0,0,0,0,0,0,0,0,0,0,0,0,0,0,0,0,0,,,,,
coasm_bin.448,Villigracilis.4_m,0,0,1,3,1,1,1,0,3,0,1,1,0,1,0,1,0,0,0,1,1,2,2,0,7,4,3,3,1,4,0,0,0,1,0,0,0,3,3,0,1,0,,,,,
coasm_bin.449,Thermomonas.2,1,0,0,0,0,0,0,0,2,0,0,0,0,0,0,1,0,0,1,0,0,0,1,1,0,1,1,1,1,1,0,0,0,0,1,1,1,1,1,1,0,1,,,,,
coasm_bin.466,Ignavibacteria.1_m,0,0,0,0,0,0,0,1,2,0,1,1,0,1,0,2,0,0,0,0,1,2,2,0,4,2,0,0,1,1,0,0,0,8,0,0,0,0,0,0,2,1,,,,,
coasm_bin.468,Chthoniobacteraceae.3,0,0,1,1,0,0,0,1,0,0,1,3,0,1,0,1,1,0,0,0,2,0,2,0,1,1,1,2,2,3,0,0,0,0,1,0,0,1,0,1,0,0,,,,,
coasm_bin.469,Pseudofulvimonas.1_m,2,0,0,0,0,0,0,0,2,0,0,0,1,0,0,1,0,0,1,2,0,0,1,0,0,0,0,0,0,1,0,0,0,0,1,0,1,2,1,0,0,0,,,,,
coasm_bin.47,Anaerolineaceae.3,0,0,1,3,0,0,0,1,7,0,1,1,1,1,1,1,1,0,0,0,1,2,2,0,18,1,1,2,2,1,4,0,0,1,0,0,0,3,3,1,1,0,,,,,
coasm_bin.471,Lysobacter_B.2_m,3,0,0,0,0,0,0,0,2,1,0,0,0,0,1,1,0,0,1,0,0,0,1,1,0,1,1,1,1,2,0,0,0,0,1,1,1,1,1,1,0,1,,,,,
coasm_bin.473,Anaerolinea.13,0,0,1,1,0,0,0,0,5,0,1,0,1,2,0,1,1,0,1,1,1,1,1,0,10,3,2,2,1,2,0,0,0,1,0,0,0,0,0,1,4,1,,,,,
coasm_bin.476,Accumulibacter.7_m,0,1,1,0,0,0,0,0,1,0,1,0,0,1,1,0,1,0,0,0,0,0,3,0,0,1,1,1,1,1,0,0,0,0,2,0,0,0,0,1,0,3,,,,,
coasm_bin.479,Zambryskibacteraceae.1_m,0,0,0,0,0,0,0,0,0,0,0,0,0,0,0,0,0,0,0,0,0,0,0,0,1,0,0,0,0,0,0,0,0,0,0,0,0,0,0,0,0,0,,,,,
coasm_bin.481,Leptovillus.2_m,0,0,1,3,0,0,0,1,6,0,1,2,3,1,1,2,1,0,0,0,0,1,1,1,9,3,2,2,3,4,1,0,0,1,1,0,0,2,2,0,1,1,II,II.D,high,,
coasm_bin.482,Ignavibacteriaceae.3_m,0,0,0,0,0,0,0,1,1,0,2,1,1,2,1,1,1,0,0,1,2,1,2,0,0,1,1,1,1,2,0,0,0,3,0,0,0,3,0,0,1,0,,,,,
coasm_bin.484,Rhodoplanes.1,1,1,0,0,0,0,1,1,4,0,1,1,0,1,0,1,0,0,0,0,2,2,3,1,1,1,1,1,1,1,0,1,1,0,1,0,1,1,1,2,0,1,,,,,
coasm_bin.485,Pseudofulvimonas.1,2,0,0,0,0,0,0,0,2,1,0,0,0,0,1,1,0,0,1,0,0,0,1,0,0,1,1,1,1,3,0,1,1,0,1,1,1,2,1,1,0,0,,,,,
coasm_bin.489,Tenuifilaceae.1_m,0,0,0,1,0,0,0,0,1,1,1,0,0,1,1,1,0,0,0,0,2,0,0,0,1,0,0,0,0,0,0,0,0,2,0,0,0,2,0,0,1,1,,,,,
coasm_bin.492,Flavitalea.4,1,0,0,0,0,0,0,2,2,0,1,1,0,2,0,5,0,0,0,0,3,2,2,0,1,0,0,0,0,1,0,0,0,0,0,0,0,2,0,0,0,0,,,,,
coasm_bin.495,Fimbriimonadaceae.1_m,0,0,0,0,0,0,0,0,1,0,3,0,3,1,0,4,0,0,0,0,2,0,3,0,1,1,1,1,1,1,0,0,0,0,0,0,0,1,0,0,0,0,,,,,
coasm_bin.496,Dokdonella.10,0,0,0,1,0,0,0,0,2,1,0,0,0,0,1,1,0,0,1,0,0,0,1,1,0,1,1,1,1,2,0,0,0,0,0,1,0,1,1,0,0,0,,,,,
coasm_bin.497,Amaricoccus.3,1,1,1,1,0,0,0,1,5,1,1,1,0,1,1,1,1,0,0,0,1,0,3,1,5,2,2,2,1,2,1,0,0,0,3,1,2,1,1,0,0,4,,,,,
coasm_bin.499,Dojkabacteria.4_m,0,0,0,0,0,0,0,0,0,0,0,0,0,0,1,0,0,0,0,0,0,0,0,0,1,0,0,0,0,0,0,0,0,0,0,0,0,0,0,0,0,0,,,,,
coasm_bin.502,Pseudoxanthomonas_B.1_m,1,0,0,2,0,0,0,0,2,1,0,0,0,0,1,1,0,0,0,0,0,0,1,0,0,1,1,1,1,1,0,0,0,0,1,3,0,1,1,0,0,2,,,,,
coasm_bin.51,Hydrogenophaga.1,1,2,1,0,1,1,1,1,9,0,1,1,0,1,0,2,1,0,0,0,2,0,3,1,2,1,1,1,1,1,1,0,0,0,1,1,1,1,1,1,0,1,,,,,
coasm_bin.512,Phototrophicaceae.8_m,0,0,0,2,0,0,0,0,2,0,1,0,0,1,0,1,1,0,0,0,1,2,1,0,8,1,1,1,0,2,0,0,0,1,0,0,0,1,2,0,1,0,,,,,
coasm_bin.514,Mesorhizobium_G.2_m,0,0,0,2,2,1,1,1,4,1,1,1,0,0,1,1,0,0,0,0,2,3,3,1,10,1,1,1,2,1,0,0,0,0,5,0,1,1,1,0,0,2,,,,,
coasm_bin.518,Elusimicrobia.3,0,0,0,0,0,0,0,0,0,0,2,1,1,1,0,1,1,0,0,0,0,0,0,0,2,3,2,2,1,2,1,0,0,1,0,1,0,1,2,0,1,0,,,,,
coasm_bin.519,Flexifilum.4_m,0,0,0,2,0,0,0,0,2,0,1,1,0,1,0,1,0,0,0,0,1,2,1,0,17,1,1,2,0,2,2,0,0,0,0,1,0,4,2,1,0,1,,,,,
coasm_bin.521,Kapaibacteriales.1_m,1,0,0,1,0,0,0,1,1,0,0,0,0,2,0,1,0,0,0,0,2,0,2,0,0,0,0,0,0,1,1,0,0,0,0,1,0,1,1,0,0,2,,,,,
coasm_bin.529,Azonexus.2_m,2,3,1,0,0,0,0,2,7,0,1,1,1,1,2,3,0,0,0,0,1,0,2,1,0,1,3,1,1,2,1,1,1,0,3,1,0,2,2,2,0,2,,,,,
coasm_bin.53,Saprospiraceae.13,0,0,0,1,2,1,1,1,1,0,1,1,0,2,0,1,0,0,0,0,2,0,1,0,1,1,1,1,1,2,1,0,0,0,0,2,0,3,0,0,0,0,,,,,
coasm_bin.532,Paceibacteria.4_m,0,0,0,1,0,0,0,0,0,0,0,0,0,0,0,0,0,0,0,0,0,0,0,0,1,0,0,0,0,0,0,0,0,0,0,0,0,0,0,0,0,0,,,,,
coasm_bin.535,Novosphingobium.2,1,0,0,0,1,1,1,0,9,0,0,0,0,0,0,0,0,0,0,0,1,0,1,1,1,1,1,1,1,1,0,0,0,0,2,0,1,1,1,0,0,3,,,,,
coasm_bin.538,Defluviicoccus.4,1,0,0,0,0,0,0,1,2,1,1,7,0,1,1,1,2,0,0,0,3,0,11,1,2,1,2,1,1,3,1,0,0,0,4,1,1,1,2,4,0,0,,,,,
coasm_bin.539,Flavobacterium.25,0,0,0,0,0,0,0,1,1,0,0,1,0,2,0,1,0,0,0,0,2,0,2,1,1,0,0,0,0,0,0,0,0,0,0,1,0,3,0,0,0,0,,,,,
coasm_bin.54,Phycisphaeraceae.34,0,0,0,0,0,0,0,1,1,0,0,0,0,0,0,1,0,0,0,1,1,0,1,0,0,1,1,1,1,1,1,0,0,1,0,0,0,0,0,0,1,0,,,,,
coasm_bin.540,Pseudohoeflea.1_m,1,0,0,1,0,0,0,0,7,2,2,1,0,1,2,1,0,0,0,0,1,0,3,1,17,1,1,2,1,1,1,1,1,0,2,1,2,2,1,1,0,2,,,,,
coasm_bin.542,Phycisphaeraceae.32,0,0,1,0,0,0,0,0,2,0,1,2,1,0,0,1,0,0,0,1,2,1,1,0,2,1,1,1,2,1,0,0,0,1,0,0,0,1,1,0,1,0,,,,,
coasm_bin.543,Anaerolineae.2,0,0,0,2,0,0,0,3,6,0,2,0,2,2,0,1,1,0,0,0,0,2,2,0,7,4,3,4,2,4,1,0,0,1,0,0,0,5,3,0,1,1,,,,,
coasm_bin.547,Ca_Bealeia.3,0,0,0,0,0,0,0,0,0,0,0,0,0,1,0,0,0,0,0,0,0,0,0,0,0,1,0,1,1,1,0,0,0,0,1,0,1,0,0,0,0,0,,,,,
coasm_bin.548,Phnomibacter.1_m,0,0,0,0,0,0,0,1,2,0,1,3,0,1,1,1,0,0,0,0,0,1,1,0,0,0,0,0,0,1,0,0,0,0,0,0,0,4,0,0,0,0,,,,,
coasm_bin.55,Competibacter.3_m,1,1,1,0,1,1,1,1,2,1,1,3,0,1,1,2,7,0,0,1,2,1,2,1,0,2,1,2,2,2,1,0,0,0,2,1,0,1,1,1,0,0,I,II.G,high,,
coasm_bin.551,Cyclobacteriaceae.2_m,0,0,0,0,0,0,0,1,1,0,1,1,0,1,0,1,0,0,0,0,2,0,1,0,0,0,0,0,0,0,0,0,0,0,0,0,0,3,0,0,0,0,,,,,
coasm_bin.555,Mesorhizobium.9,2,0,0,1,1,1,1,1,9,0,1,1,0,1,0,1,1,0,0,0,2,0,5,1,12,1,1,2,2,1,0,0,0,0,2,0,1,1,1,0,0,2,,,,,
coasm_bin.556,Myxococcaceae.6,1,1,0,0,0,0,0,0,4,0,1,1,0,2,0,1,1,0,0,0,1,1,0,0,4,1,1,1,2,3,0,0,0,1,2,0,0,4,2,0,1,1,,,,,
coasm_bin.558,Chiayiivirga.3_m,1,0,0,3,0,0,0,0,2,1,0,0,0,0,1,1,0,0,1,0,0,0,1,1,0,0,0,0,0,1,0,0,0,0,1,1,1,1,1,1,0,0,,,,,
coasm_bin.561,Ca_Pacebacteria.2,0,0,0,1,0,0,0,0,0,0,1,0,0,0,0,0,0,0,0,0,0,0,0,0,1,0,0,0,0,0,0,0,0,0,0,0,0,2,0,0,0,0,,,,,
coasm_bin.563,Hydrogenophaga.6,1,1,1,0,0,0,0,0,6,0,1,1,0,1,0,2,1,0,0,0,1,0,2,1,1,1,1,1,1,1,1,0,0,0,2,1,2,1,1,1,0,2,,,,,
coasm_bin.572,Villigracilaceae.2_m,0,2,1,3,3,1,1,0,4,0,0,0,2,1,0,1,2,0,0,0,1,2,1,0,6,3,2,4,1,1,0,0,0,1,0,0,0,3,0,2,1,0,,,,,
coasm_bin.578,Terrimicrobium.3,0,0,0,1,0,0,0,1,1,0,2,0,0,1,1,1,1,0,0,0,1,0,1,0,1,1,1,1,1,3,0,1,0,0,0,0,0,1,1,0,0,0,,,,,
coasm_bin.579,Flavobacteriales.7,1,0,1,1,0,0,0,1,1,0,0,0,0,1,0,1,0,0,0,0,1,0,1,0,0,0,0,0,0,0,1,0,0,0,0,1,0,3,0,0,0,1,,,,,
coasm_bin.60,Blastopirellula.1,0,0,1,0,0,0,0,0,1,0,1,3,1,1,2,1,2,0,1,1,0,0,2,0,1,1,1,1,1,1,0,0,0,3,0,0,0,1,1,0,1,0,,,,,
coasm_bin.61,Chitinophagaceae.14,0,0,0,0,0,0,0,1,2,0,1,2,0,2,1,1,0,0,0,0,0,1,1,0,1,0,0,0,0,1,0,0,0,0,0,0,0,3,0,0,0,0,,,,,
coasm_bin.70,Cephaloticoccus.1,0,0,0,1,0,0,0,0,1,0,1,1,0,2,1,0,0,0,1,1,2,0,2,0,3,1,1,1,1,1,0,0,0,2,0,0,0,0,1,0,3,2,,,,,
coasm_bin.74,Bacteroidales.2_m,0,0,0,2,0,0,0,0,2,1,1,1,1,1,1,1,0,0,0,0,2,0,1,0,1,0,0,0,0,2,1,0,0,2,0,1,0,4,0,0,2,1,,,,,
coasm_bin.75,Xanthomonadaceae.3,0,0,0,0,0,0,0,0,2,0,0,0,0,0,0,1,0,0,1,0,0,0,1,0,0,1,1,1,1,1,0,0,0,0,0,1,0,1,1,1,0,1,,,,,
coasm_bin.82,Micavibrionaceae.3_m,1,0,0,0,1,1,1,0,1,1,0,0,0,0,1,0,0,0,0,0,0,0,2,0,2,0,0,0,0,0,0,0,0,0,2,0,1,0,0,0,0,0,,,,,
coasm_bin.84,Chlorobium.1,0,0,0,0,0,0,0,0,0,0,1,0,0,1,0,1,0,0,0,0,2,0,1,1,4,3,1,2,2,2,0,0,0,0,0,0,0,1,0,0,0,0,,,,,
coasm_bin.85,Aquimonas.5,1,0,0,0,0,0,0,0,2,0,0,0,0,1,0,1,3,0,1,0,0,0,1,1,0,1,1,1,1,4,0,0,0,0,1,1,1,1,1,1,0,1,,,,,
coasm_bin.86,Lacipirellulaceae.1_m,1,0,2,0,0,0,0,0,2,0,2,1,1,1,1,1,3,0,0,0,3,0,1,0,2,1,1,1,1,1,0,0,0,1,1,0,0,1,1,0,1,0,,,,,
coasm_bin.88,Defluviicoccus.13,1,1,0,0,0,0,0,0,1,1,1,5,0,2,1,2,2,0,0,0,2,0,4,1,1,2,2,2,1,4,0,0,0,0,2,1,1,1,2,0,0,0,,,,,
coasm_bin.92,Anaerolineaceae.2_m,0,0,1,0,0,0,0,0,1,0,0,0,0,1,0,0,0,0,0,0,1,1,0,0,2,3,2,4,1,3,0,0,0,1,0,0,0,1,2,0,1,0,,,,,
coasm_bin.93,Micropepsaceae.1,1,0,0,0,0,0,0,0,9,0,0,0,0,0,0,1,0,0,0,0,1,0,1,0,6,1,1,2,1,1,0,0,0,0,3,0,1,1,1,0,0,1,,,,,
