orf	source	contig	len_aa	CuA	CuZ	call	hmm_score	evalue
coasm::ctg43742_104	coasm	ctg43742	650	CuA	DXHH	C-NosZ_cladeI_II	828.5	8.2e-247
coasm::ctg13413_2	coasm	ctg13413	641	CuA	DXHH	C-NosZ_cladeI_II	826.3	3.9e-246
CAN_1::ctg17112_8	CAN_1	ctg17112	642	CuA	DXHH	C-NosZ_cladeI_II	825.0	9.5e-246
CAN_4::ctg19653_23	CAN_4	ctg19653	642	CuA	DXHH	C-NosZ_cladeI_II	825.0	9.5e-246
coasm::ctg55037_77	coasm	ctg55037	642	CuA	DXHH	C-NosZ_cladeI_II	825.0	9.5e-246
CAN_1::ctg3811_5	CAN_1	ctg3811	651	CuA	DXHH	C-NosZ_cladeI_II	824.7	1.2e-245
coasm::ctg56235_21	coasm	ctg56235	651	CuA	DXHH	C-NosZ_cladeI_II	824.5	1.4e-245
CAN_2::ctg5383_19	CAN_2	ctg5383	651	CuA	DXHH	C-NosZ_cladeI_II	824.4	1.4e-245
coasm::ctg23233_15	coasm	ctg23233	647	CuA	DXHH	C-NosZ_cladeI_II	823.3	3.1e-245
CAN_3::ctg16468_2	CAN_3	ctg16468	647	CuA	DXHH	C-NosZ_cladeI_II	822.4	5.8e-245
CAN_1::ctg19666_10	CAN_1	ctg19666	647	CuA	DXHH	C-NosZ_cladeI_II	821.7	9.3e-245
CAN_5::ctg13510_10	CAN_5	ctg13510	639	CuA	DXHH	C-NosZ_cladeI_II	818.7	7.7e-244
coasm::ctg29359_2	coasm	ctg29359	639	CuA	DXHH	C-NosZ_cladeI_II	818.7	7.7e-244
coasm::ctg24548_31	coasm	ctg24548	640	CuA	DXHH	C-NosZ_cladeI_II	818.6	8.0e-244
CAN_3::ctg27311_2	CAN_3	ctg27311	640	CuA	DXHH	C-NosZ_cladeI_II	817.8	1.5e-243
CAN_3::ctg5446_34	CAN_3	ctg5446	635	CuA	DXHH	C-NosZ_cladeI_II	814.1	1.9e-242
CAN_5::ctg9999_32	CAN_5	ctg9999	635	CuA	DXHH	C-NosZ_cladeI_II	814.1	1.9e-242
CAN_4::ctg18806_41	CAN_4	ctg18806	638	CuA	DXHH	C-NosZ_cladeI_II	812.6	5.3e-242
CAN_1::ctg9683_2	CAN_1	ctg9683	634	CuA	DXHH	C-NosZ_cladeI_II	812.4	6.2e-242
coasm::ctg8884_1316	coasm	ctg8884	634	CuA	DXHH	C-NosZ_cladeI_II	811.1	1.5e-241
coasm::ctg8254_2	coasm	ctg8254	636	CuA	DXHH	C-NosZ_cladeI_II	810.4	2.4e-241
coasm::ctg43266_25	coasm	ctg43266	644	CuA	DXHH	C-NosZ_cladeI_II	806.9	2.9e-240
CAN_5::ctg12684_3	CAN_5	ctg12684	639	noCuA	DXHH	C-NosZ_cladeI_II	806.2	4.7e-240
coasm::ctg52226_3	coasm	ctg52226	639	noCuA	DXHH	C-NosZ_cladeI_II	806.2	4.7e-240
coasm::ctg26962_154	coasm	ctg26962	646	CuA	DXHH	C-NosZ_cladeI_II	805.7	6.5e-240
coasm::ctg15514_44	coasm	ctg15514	633	CuA	DXHH	C-NosZ_cladeI_II	804.6	1.4e-239
CAN_2::ctg21861_57	CAN_2	ctg21861	1373	CuA	DXHH	C-NosZ_cladeI_II	796.7	3.5e-237
coasm::ctg32680_7	coasm	ctg32680	649	noCuA	DXHH	C-NosZ_cladeI_II	791.2	1.6e-235
coasm::ctg29286_525	coasm	ctg29286	638	CuA	DXHH	C-NosZ_cladeI_II	779.1	7.3e-232
CAN_1::ctg8999_43	CAN_1	ctg8999	638	CuA	DXHH	C-NosZ_cladeI_II	770.5	3.0e-229
CAN_4::ctg12557_5128	CAN_4	ctg12557	638	CuA	DXHH	C-NosZ_cladeI_II	770.5	3.0e-229
CAN_5::ctg14157_369	CAN_5	ctg14157	638	CuA	DXHH	C-NosZ_cladeI_II	770.5	3.0e-229
coasm::ctg40042_1828	coasm	ctg40042	638	CuA	DXHH	C-NosZ_cladeI_II	770.5	3.0e-229
CAN_3::ctg16117_2	CAN_3	ctg16117	638	CuA	DXHH	C-NosZ_cladeI_II	770.4	3.3e-229
CAN_5::ctg5800_1	CAN_5	ctg5800	586	CuA	DXHH	C-NosZ_cladeI_II	768.7	1.0e-228
CAN_3::ctg5513_55	CAN_3	ctg5513	652	CuA	DXHH	C-NosZ_cladeI_II	767.1	3.1e-228
coasm::ctg8998_169	coasm	ctg8998	652	CuA	DXHH	C-NosZ_cladeI_II	767.1	3.1e-228
CAN_1::ctg10840_17	CAN_1	ctg10840	619	CuA	DXHH	C-NosZ_cladeI_II	767.0	3.5e-228
coasm::ctg40312_32	coasm	ctg40312	643	CuA	DXHH	C-NosZ_cladeI_II	763.0	5.7e-227
coasm::ctg9349_23	coasm	ctg9349	652	CuA	DXHH	C-NosZ_cladeI_II	762.4	8.5e-227
CAN_1::ctg24016_9	CAN_1	ctg24016	643	CuA	DXHH	C-NosZ_cladeI_II	762.3	8.8e-227
CAN_2::ctg2388_17	CAN_2	ctg2388	643	CuA	DXHH	C-NosZ_cladeI_II	762.3	8.8e-227
coasm::ctg38983_79	coasm	ctg38983	644	CuA	DXHH	C-NosZ_cladeI_II	761.2	2.0e-226
CAN_1::ctg4589_11	CAN_1	ctg4589	645	CuA	DXHH	C-NosZ_cladeI_II	761.0	2.3e-226
CAN_3::ctg24316_48	CAN_3	ctg24316	645	CuA	DXHH	C-NosZ_cladeI_II	761.0	2.3e-226
coasm::ctg26855_56	coasm	ctg26855	645	CuA	DXHH	C-NosZ_cladeI_II	761.0	2.3e-226
CAN_2::ctg21857_12	CAN_2	ctg21857	653	CuA	DXHH	C-NosZ_cladeI_II	760.7	2.8e-226
coasm::ctg20747_29	coasm	ctg20747	653	CuA	DXHH	C-NosZ_cladeI_II	760.7	2.8e-226
CAN_2::ctg20949_6	CAN_2	ctg20949	644	CuA	DXHH	C-NosZ_cladeI_II	760.7	2.8e-226
CAN_1::ctg5703_3	CAN_1	ctg5703	646	CuA	DXHH	C-NosZ_cladeI_II	760.6	3.0e-226
CAN_3::ctg22284_34	CAN_3	ctg22284	646	CuA	DXHH	C-NosZ_cladeI_II	760.6	3.0e-226
coasm::ctg47061_816	coasm	ctg47061	646	CuA	DXHH	C-NosZ_cladeI_II	760.6	3.0e-226
CAN_2::ctg2125_2	CAN_2	ctg2125	645	CuA	DXHH	C-NosZ_cladeI_II	760.4	3.5e-226
CAN_5::ctg1162_31	CAN_5	ctg1162	645	CuA	DXHH	C-NosZ_cladeI_II	759.8	5.1e-226
coasm::ctg41864_83	coasm	ctg41864	645	CuA	DXHH	C-NosZ_cladeI_II	759.8	5.1e-226
CAN_2::ctg5889_14	CAN_2	ctg5889	646	CuA	DXHH	C-NosZ_cladeI_II	759.6	5.8e-226
CAN_3::ctg15117_17	CAN_3	ctg15117	603	CuA	DXHH	C-NosZ_cladeI_II	758.2	1.6e-225
CAN_5::ctg7729_10	CAN_5	ctg7729	644	CuA	DXHH	C-NosZ_cladeI_II	758.2	1.6e-225
coasm::ctg39994_70	coasm	ctg39994	644	CuA	DXHH	C-NosZ_cladeI_II	758.2	1.6e-225
CAN_4::ctg12339_2	CAN_4	ctg12339	644	CuA	DXHH	C-NosZ_cladeI_II	758.1	1.7e-225
CAN_3::ctg22640_27	CAN_3	ctg22640	653	CuA	DXHH	C-NosZ_cladeI_II	757.9	2.0e-225
CAN_2::ctg6161_17	CAN_2	ctg6161	607	CuA	DXHH	C-NosZ_cladeI_II	757.1	3.5e-225
CAN_1::ctg23594_1	CAN_1	ctg23594	644	CuA	DXHH	C-NosZ_cladeI_II	757.0	3.8e-225
CAN_5::ctg1694_21	CAN_5	ctg1694	651	CuA	DXHH	C-NosZ_cladeI_II	756.4	5.6e-225
coasm::ctg54627_108	coasm	ctg54627	651	CuA	DXHH	C-NosZ_cladeI_II	756.4	5.6e-225
CAN_1::ctg19039_1476	CAN_1	ctg19039	648	CuA	DXHH	C-NosZ_cladeI_II	755.8	8.7e-225
CAN_2::ctg3948_108	CAN_2	ctg3948	648	CuA	DXHH	C-NosZ_cladeI_II	755.8	8.7e-225
CAN_3::ctg7617_764	CAN_3	ctg7617	648	CuA	DXHH	C-NosZ_cladeI_II	755.8	8.7e-225
CAN_4::ctg16928_2824	CAN_4	ctg16928	648	CuA	DXHH	C-NosZ_cladeI_II	755.8	8.7e-225
coasm::ctg48212_1117	coasm	ctg48212	648	CuA	DXHH	C-NosZ_cladeI_II	755.8	8.7e-225
CAN_5::ctg3039_7	CAN_5	ctg3039	647	CuA	DXHH	C-NosZ_cladeI_II	755.3	1.2e-224
CAN_4::ctg10807_123	CAN_4	ctg10807	644	CuA	DXHH	C-NosZ_cladeI_II	754.4	2.2e-224
CAN_5::ctg15039_130	CAN_5	ctg15039	644	CuA	DXHH	C-NosZ_cladeI_II	754.4	2.2e-224
coasm::ctg11032_133	coasm	ctg11032	644	CuA	DXHH	C-NosZ_cladeI_II	754.4	2.2e-224
CAN_3::ctg19819_6	CAN_3	ctg19819	647	CuA	DXHH	C-NosZ_cladeI_II	753.5	4.3e-224
coasm::ctg55714_17	coasm	ctg55714	647	CuA	DXHH	C-NosZ_cladeI_II	753.5	4.3e-224
coasm::ctg15645_68	coasm	ctg15645	647	CuA	DXHH	C-NosZ_cladeI_II	752.7	7.2e-224
CAN_1::ctg5847_142	CAN_1	ctg5847	645	CuA	DXHH	C-NosZ_cladeI_II	752.1	1.1e-223
CAN_2::ctg5848_84	CAN_2	ctg5848	645	CuA	DXHH	C-NosZ_cladeI_II	752.1	1.1e-223
CAN_3::ctg12680_370	CAN_3	ctg12680	645	CuA	DXHH	C-NosZ_cladeI_II	752.1	1.1e-223
CAN_4::ctg15909_168	CAN_4	ctg15909	645	CuA	DXHH	C-NosZ_cladeI_II	752.1	1.1e-223
CAN_5::ctg3725_162	CAN_5	ctg3725	645	CuA	DXHH	C-NosZ_cladeI_II	752.1	1.1e-223
coasm::ctg7256_343	coasm	ctg7256	645	CuA	DXHH	C-NosZ_cladeI_II	752.1	1.1e-223
CAN_5::ctg6720_10	CAN_5	ctg6720	654	CuA	DXHH	C-NosZ_cladeI_II	750.0	4.7e-223
coasm::ctg56059_153	coasm	ctg56059	654	CuA	DXHH	C-NosZ_cladeI_II	750.0	4.7e-223
CAN_1::ctg12094_21	CAN_1	ctg12094	648	CuA	DXHH	C-NosZ_cladeI_II	749.8	5.4e-223
CAN_4::ctg10317_1324	CAN_4	ctg10317	648	CuA	DXHH	C-NosZ_cladeI_II	749.8	5.4e-223
CAN_5::ctg11395_758	CAN_5	ctg11395	648	CuA	DXHH	C-NosZ_cladeI_II	749.8	5.4e-223
coasm::ctg29127_2239	coasm	ctg29127	648	CuA	DXHH	C-NosZ_cladeI_II	749.8	5.4e-223
CAN_5::ctg11257_384	CAN_5	ctg11257	649	CuA	DXHH	C-NosZ_cladeI_II	749.6	6.5e-223
coasm::ctg17349_1098	coasm	ctg17349	649	CuA	DXHH	C-NosZ_cladeI_II	749.6	6.5e-223
CAN_2::ctg20522_15	CAN_2	ctg20522	647	CuA	DXHH	C-NosZ_cladeI_II	749.5	6.8e-223
CAN_3::ctg2470_1	CAN_3	ctg2470	615	CuA	DXHH	C-NosZ_cladeI_II	747.6	2.6e-222
coasm::ctg14949_1	coasm	ctg14949	615	CuA	DXHH	C-NosZ_cladeI_II	747.6	2.6e-222
CAN_1::ctg16829_67	CAN_1	ctg16829	651	CuA	DXHH	C-NosZ_cladeI_II	747.4	2.9e-222
CAN_2::ctg13583_148	CAN_2	ctg13583	651	CuA	DXHH	C-NosZ_cladeI_II	747.4	2.9e-222
CAN_3::ctg5324_610	CAN_3	ctg5324	651	CuA	DXHH	C-NosZ_cladeI_II	747.4	2.9e-222
coasm::ctg15505_19	coasm	ctg15505	651	CuA	DXHH	C-NosZ_cladeI_II	747.4	2.9e-222
coasm::ctg29204_230	coasm	ctg29204	651	CuA	DXHH	C-NosZ_cladeI_II	747.4	2.9e-222
coasm::ctg3858_12	coasm	ctg3858	645	CuA	DXHH	C-NosZ_cladeI_II	746.5	5.4e-222
CAN_2::ctg2465_2	CAN_2	ctg2465	646	CuA	DXHH	C-NosZ_cladeI_II	746.4	6.0e-222
coasm::ctg48796_28	coasm	ctg48796	646	CuA	DXHH	C-NosZ_cladeI_II	746.4	6.0e-222
coasm::ctg23220_83	coasm	ctg23220	645	CuA	DXHH	C-NosZ_cladeI_II	746.1	7.2e-222
CAN_2::ctg15499_2	CAN_2	ctg15499	650	CuA	DXHH	C-NosZ_cladeI_II	745.8	8.8e-222
CAN_3::ctg223_374	CAN_3	ctg223	650	CuA	DXHH	C-NosZ_cladeI_II	745.8	8.8e-222
CAN_4::ctg8695_151	CAN_4	ctg8695	650	CuA	DXHH	C-NosZ_cladeI_II	745.8	8.8e-222
coasm::ctg47663_3683	coasm	ctg47663	650	CuA	DXHH	C-NosZ_cladeI_II	745.8	8.8e-222
CAN_5::ctg413_3	CAN_5	ctg413	650	CuA	DXHH	C-NosZ_cladeI_II	745.4	1.2e-221
CAN_4::ctg1347_119	CAN_4	ctg1347	645	CuA	DXHH	C-NosZ_cladeI_II	745.3	1.3e-221
CAN_1::ctg10447_334	CAN_1	ctg10447	650	CuA	DXHH	C-NosZ_cladeI_II	744.3	2.5e-221
CAN_1::ctg2096_19	CAN_1	ctg2096	646	CuA	DXHH	C-NosZ_cladeI_II	744.2	2.8e-221
coasm::ctg9322_117	coasm	ctg9322	646	CuA	DXHH	C-NosZ_cladeI_II	744.2	2.8e-221
CAN_1::ctg21656_1489	CAN_1	ctg21656	645	CuA	DXHH	C-NosZ_cladeI_II	744.0	3.1e-221
CAN_2::ctg17007_2977	CAN_2	ctg17007	645	CuA	DXHH	C-NosZ_cladeI_II	744.0	3.1e-221
CAN_3::ctg26870_293	CAN_3	ctg26870	645	CuA	DXHH	C-NosZ_cladeI_II	744.0	3.1e-221
coasm::ctg47055_227	coasm	ctg47055	645	CuA	DXHH	C-NosZ_cladeI_II	744.0	3.1e-221
coasm::ctg24442_17	coasm	ctg24442	650	CuA	DXHH	C-NosZ_cladeI_II	743.7	3.8e-221
coasm::ctg34178_137	coasm	ctg34178	651	CuA	DXHH	C-NosZ_cladeI_II	743.6	4.1e-221
CAN_4::ctg9079_32	CAN_4	ctg9079	557	CuA	DXHH	C-NosZ_cladeI_II	743.0	6.3e-221
coasm::ctg5517_22	coasm	ctg5517	650	CuA	DXHH	C-NosZ_cladeI_II	742.9	6.7e-221
CAN_4::ctg13339_2	CAN_4	ctg13339	650	CuA	DXHH	C-NosZ_cladeI_II	742.0	1.3e-220
CAN_2::ctg16282_1092	CAN_2	ctg16282	651	CuA	DXHH	C-NosZ_cladeI_II	741.3	2.1e-220
CAN_3::ctg6037_1411	CAN_3	ctg6037	651	CuA	DXHH	C-NosZ_cladeI_II	741.3	2.1e-220
coasm::ctg48870_3616	coasm	ctg48870	651	CuA	DXHH	C-NosZ_cladeI_II	741.3	2.1e-220
CAN_2::ctg19498_195	CAN_2	ctg19498	650	CuA	DXHH	C-NosZ_cladeI_II	741.2	2.2e-220
CAN_3::ctg21310_12	CAN_3	ctg21310	650	CuA	DXHH	C-NosZ_cladeI_II	741.2	2.2e-220
coasm::ctg46277_363	coasm	ctg46277	650	CuA	DXHH	C-NosZ_cladeI_II	741.2	2.2e-220
coasm::ctg7663_10	coasm	ctg7663	651	CuA	DXHH	C-NosZ_cladeI_II	740.6	3.3e-220
CAN_1::ctg23873_51	CAN_1	ctg23873	646	CuA	DXHH	C-NosZ_cladeI_II	740.2	4.3e-220
coasm::ctg39290_61	coasm	ctg39290	646	CuA	DXHH	C-NosZ_cladeI_II	740.2	4.3e-220
coasm::ctg55864_37	coasm	ctg55864	646	CuA	DXHH	C-NosZ_cladeI_II	739.9	5.6e-220
CAN_4::ctg18685_749	CAN_4	ctg18685	645	CuA	DXHH	C-NosZ_cladeI_II	738.8	1.2e-219
CAN_5::ctg7410_1663	CAN_5	ctg7410	645	CuA	DXHH	C-NosZ_cladeI_II	738.8	1.2e-219
coasm::ctg9924_464	coasm	ctg9924	645	CuA	DXHH	C-NosZ_cladeI_II	738.8	1.2e-219
CAN_1::ctg19970_30	CAN_1	ctg19970	651	CuA	DXHH	C-NosZ_cladeI_II	738.4	1.6e-219
CAN_1::ctg18320_4	CAN_1	ctg18320	645	CuA	DXHH	C-NosZ_cladeI_II	738.4	1.6e-219
CAN_2::ctg1692_23	CAN_2	ctg1692	658	CuA	DXHH	C-NosZ_cladeI_II	737.6	2.8e-219
coasm::ctg34216_9	coasm	ctg34216	658	CuA	DXHH	C-NosZ_cladeI_II	737.6	2.8e-219
CAN_1::ctg780_19	CAN_1	ctg780	647	CuA	DXHH	C-NosZ_cladeI_II	736.7	5.1e-219
CAN_1::ctg669_9	CAN_1	ctg669	658	CuA	DXHH	C-NosZ_cladeI_II	736.3	6.7e-219
CAN_4::ctg20271_46	CAN_4	ctg20271	644	CuA	DXHH	C-NosZ_cladeI_II	736.0	8.3e-219
coasm::ctg46457_46	coasm	ctg46457	644	CuA	DXHH	C-NosZ_cladeI_II	736.0	8.3e-219
CAN_1::ctg5589_8	CAN_1	ctg5589	644	CuA	DXHH	C-NosZ_cladeI_II	735.7	1.0e-218
CAN_1::ctg16644_10	CAN_1	ctg16644	647	CuA	DXHH	C-NosZ_cladeI_II	734.4	2.6e-218
CAN_3::ctg22369_2	CAN_3	ctg22369	647	CuA	DXHH	C-NosZ_cladeI_II	734.4	2.6e-218
CAN_4::ctg7019_33	CAN_4	ctg7019	647	CuA	DXHH	C-NosZ_cladeI_II	734.4	2.6e-218
coasm::ctg52969_11	coasm	ctg52969	647	CuA	DXHH	C-NosZ_cladeI_II	734.4	2.6e-218
coasm::ctg17468_3	coasm	ctg17468	652	CuA	DXHH	C-NosZ_cladeI_II	733.9	3.7e-218
coasm::ctg25726_4	coasm	ctg25726	649	CuA	DXHH	C-NosZ_cladeI_II	732.9	7.1e-218
coasm::ctg24261_33	coasm	ctg24261	647	CuA	DXHH	C-NosZ_cladeI_II	732.8	7.9e-218
CAN_4::ctg7295_108	CAN_4	ctg7295	647	CuA	DXHH	C-NosZ_cladeI_II	732.4	1.1e-217
CAN_5::ctg15384_93	CAN_5	ctg15384	647	CuA	DXHH	C-NosZ_cladeI_II	732.4	1.1e-217
coasm::ctg4470_108	coasm	ctg4470	647	CuA	DXHH	C-NosZ_cladeI_II	732.4	1.1e-217
CAN_4::ctg1230_1517	CAN_4	ctg1230	651	CuA	DXHH	C-NosZ_cladeI_II	732.1	1.3e-217
coasm::ctg19277_2071	coasm	ctg19277	651	CuA	DXHH	C-NosZ_cladeI_II	732.1	1.3e-217
CAN_3::ctg5365_291	CAN_3	ctg5365	651	CuA	DXHH	C-NosZ_cladeI_II	730.1	5.1e-217
coasm::ctg30735_316	coasm	ctg30735	651	CuA	DXHH	C-NosZ_cladeI_II	730.1	5.1e-217
coasm::ctg15527_8	coasm	ctg15527	768	CuA	DXHH	C-NosZ_cladeI_II	728.9	1.2e-216
coasm::ctg15527_6	coasm	ctg15527	765	CuA	DXHH	C-NosZ_cladeI_II	728.8	1.3e-216
CAN_2::ctg22843_36	CAN_2	ctg22843	660	CuA	DXHH	C-NosZ_cladeI_II	728.5	1.5e-216
CAN_3::ctg310_183	CAN_3	ctg310	660	CuA	DXHH	C-NosZ_cladeI_II	728.5	1.5e-216
coasm::ctg28424_1001	coasm	ctg28424	660	CuA	DXHH	C-NosZ_cladeI_II	728.5	1.5e-216
CAN_1::ctg2345_741	CAN_1	ctg2345	764	CuA	DXHH	C-NosZ_cladeI_II	727.0	4.3e-216
CAN_2::ctg15266_143	CAN_2	ctg15266	764	CuA	DXHH	C-NosZ_cladeI_II	727.0	4.3e-216
CAN_3::ctg11186_718	CAN_3	ctg11186	764	CuA	DXHH	C-NosZ_cladeI_II	727.0	4.3e-216
CAN_4::ctg22937_3065	CAN_4	ctg22937	764	CuA	DXHH	C-NosZ_cladeI_II	727.0	4.3e-216
coasm::ctg15924_2436	coasm	ctg15924	764	CuA	DXHH	C-NosZ_cladeI_II	727.0	4.3e-216
CAN_2::ctg9487_5	CAN_2	ctg9487	667	CuA	DXHH	C-NosZ_cladeI_II	727.0	4.6e-216
coasm::ctg28912_310	coasm	ctg28912	667	CuA	DXHH	C-NosZ_cladeI_II	727.0	4.6e-216
CAN_1::ctg3470_219	CAN_1	ctg3470	659	CuA	DXHH	C-NosZ_cladeI_II	726.7	5.5e-216
CAN_3::ctg3529_73	CAN_3	ctg3529	659	CuA	DXHH	C-NosZ_cladeI_II	726.7	5.5e-216
coasm::ctg16364_329	coasm	ctg16364	659	CuA	DXHH	C-NosZ_cladeI_II	726.7	5.5e-216
CAN_1::ctg10285_17	CAN_1	ctg10285	651	CuA	DXHH	C-NosZ_cladeI_II	726.2	7.9e-216
CAN_1::ctg12669_11	CAN_1	ctg12669	658	CuA	DXHH	C-NosZ_cladeI_II	726.2	8.0e-216
CAN_3::ctg15527_10	CAN_3	ctg15527	658	CuA	DXHH	C-NosZ_cladeI_II	726.2	8.0e-216
coasm::ctg31176_99	coasm	ctg31176	658	CuA	DXHH	C-NosZ_cladeI_II	726.2	8.0e-216
CAN_1::ctg24458_176	CAN_1	ctg24458	623	CuA	DXHH	C-NosZ_cladeI_II	725.8	1.1e-215
CAN_2::ctg12653_1446	CAN_2	ctg12653	623	CuA	DXHH	C-NosZ_cladeI_II	725.8	1.1e-215
CAN_3::ctg22189_339	CAN_3	ctg22189	623	CuA	DXHH	C-NosZ_cladeI_II	725.8	1.1e-215
coasm::ctg22631_1724	coasm	ctg22631	623	CuA	DXHH	C-NosZ_cladeI_II	725.8	1.1e-215
CAN_1::ctg21549_13	CAN_1	ctg21549	763	CuA	DXHH	C-NosZ_cladeI_II	725.6	1.2e-215
CAN_3::ctg24451_5	CAN_3	ctg24451	653	CuA	DXHH	C-NosZ_cladeI_II	725.5	1.3e-215
coasm::ctg45829_41	coasm	ctg45829	653	CuA	DXHH	C-NosZ_cladeI_II	725.5	1.3e-215
CAN_1::ctg2708_1639	CAN_1	ctg2708	766	CuA	DXHH	C-NosZ_cladeI_II	725.5	1.3e-215
CAN_4::ctg22380_338	CAN_4	ctg22380	766	CuA	DXHH	C-NosZ_cladeI_II	725.5	1.3e-215
coasm::ctg45231_2431	coasm	ctg45231	766	CuA	DXHH	C-NosZ_cladeI_II	725.5	1.3e-215
CAN_5::ctg12305_27	CAN_5	ctg12305	766	CuA	DXHH	C-NosZ_cladeI_II	725.5	1.3e-215
CAN_2::ctg15314_111	CAN_2	ctg15314	763	CuA	DXHH	C-NosZ_cladeI_II	725.4	1.3e-215
CAN_3::ctg5365_259	CAN_3	ctg5365	763	CuA	DXHH	C-NosZ_cladeI_II	725.4	1.3e-215
coasm::ctg30735_283	coasm	ctg30735	763	CuA	DXHH	C-NosZ_cladeI_II	725.4	1.3e-215
CAN_4::ctg7870_12	CAN_4	ctg7870	570	CuA	DXHH	C-NosZ_cladeI_II	725.4	1.3e-215
CAN_1::ctg18553_8	CAN_1	ctg18553	667	CuA	DXHH	C-NosZ_cladeI_II	725.1	1.6e-215
CAN_2::ctg7566_608	CAN_2	ctg7566	667	CuA	DXHH	C-NosZ_cladeI_II	725.1	1.6e-215
CAN_3::ctg5977_275	CAN_3	ctg5977	667	CuA	DXHH	C-NosZ_cladeI_II	725.1	1.6e-215
coasm::ctg25942_235	coasm	ctg25942	667	CuA	DXHH	C-NosZ_cladeI_II	725.1	1.6e-215
CAN_4::ctg15371_20	CAN_4	ctg15371	655	CuA	DXHH	C-NosZ_cladeI_II	724.6	2.3e-215
CAN_5::ctg16658_74	CAN_5	ctg16658	655	CuA	DXHH	C-NosZ_cladeI_II	724.6	2.3e-215
CAN_1::ctg7215_16	CAN_1	ctg7215	650	CuA	DXHH	C-NosZ_cladeI_II	724.5	2.5e-215
CAN_2::ctg13770_67	CAN_2	ctg13770	655	CuA	DXHH	C-NosZ_cladeI_II	724.5	2.5e-215
CAN_3::ctg13181_19	CAN_3	ctg13181	655	CuA	DXHH	C-NosZ_cladeI_II	724.5	2.5e-215
coasm::ctg13131_28	coasm	ctg13131	655	CuA	DXHH	C-NosZ_cladeI_II	724.5	2.5e-215
CAN_3::ctg3973_13	CAN_3	ctg3973	766	CuA	DXHH	C-NosZ_cladeI_II	724.4	2.7e-215
coasm::ctg37067_196	coasm	ctg37067	766	CuA	DXHH	C-NosZ_cladeI_II	724.4	2.7e-215
CAN_2::ctg9071_257	CAN_2	ctg9071	655	CuA	DXHH	C-NosZ_cladeI_II	724.4	2.8e-215
CAN_3::ctg2909_208	CAN_3	ctg2909	655	CuA	DXHH	C-NosZ_cladeI_II	724.4	2.8e-215
coasm::ctg52358_254	coasm	ctg52358	655	CuA	DXHH	C-NosZ_cladeI_II	724.4	2.8e-215
CAN_2::ctg4247_38	CAN_2	ctg4247	659	CuA	DXHH	C-NosZ_cladeI_II	724.2	3.1e-215
CAN_3::ctg2790_460	CAN_3	ctg2790	659	CuA	DXHH	C-NosZ_cladeI_II	724.2	3.1e-215
coasm::ctg28909_1343	coasm	ctg28909	659	CuA	DXHH	C-NosZ_cladeI_II	724.2	3.1e-215
CAN_5::ctg4162_32	CAN_5	ctg4162	658	CuA	DXHH	C-NosZ_cladeI_II	724.1	3.4e-215
coasm::ctg55448_41	coasm	ctg55448	658	CuA	DXHH	C-NosZ_cladeI_II	724.1	3.4e-215
CAN_3::ctg2617_14	CAN_3	ctg2617	655	CuA	DXHH	C-NosZ_cladeI_II	724.0	3.5e-215
CAN_1::ctg14319_43	CAN_1	ctg14319	655	CuA	DXHH	C-NosZ_cladeI_II	723.9	3.9e-215
coasm::ctg30570_98	coasm	ctg30570	655	CuA	DXHH	C-NosZ_cladeI_II	723.9	3.9e-215
coasm::ctg37464_23	coasm	ctg37464	655	CuA	DXHH	C-NosZ_cladeI_II	723.9	3.9e-215
CAN_3::ctg7342_11	CAN_3	ctg7342	651	CuA	DXHH	C-NosZ_cladeI_II	723.8	4.2e-215
coasm::ctg19459_589	coasm	ctg19459	651	CuA	DXHH	C-NosZ_cladeI_II	723.8	4.2e-215
CAN_3::ctg24700_88	CAN_3	ctg24700	648	CuA	DXHH	C-NosZ_cladeI_II	723.7	4.3e-215
CAN_1::ctg14888_2623	CAN_1	ctg14888	766	CuA	DXHH	C-NosZ_cladeI_II	723.6	4.9e-215
CAN_2::ctg7645_210	CAN_2	ctg7645	766	CuA	DXHH	C-NosZ_cladeI_II	723.6	4.9e-215
CAN_3::ctg4873_3051	CAN_3	ctg4873	766	CuA	DXHH	C-NosZ_cladeI_II	723.6	4.9e-215
CAN_4::ctg4244_645	CAN_4	ctg4244	766	CuA	DXHH	C-NosZ_cladeI_II	723.6	4.9e-215
coasm::ctg1744_2632	coasm	ctg1744	766	CuA	DXHH	C-NosZ_cladeI_II	723.6	4.9e-215
CAN_2::ctg2312_24	CAN_2	ctg2312	667	CuA	DXHH	C-NosZ_cladeI_II	723.6	4.9e-215
coasm::ctg50910_217	coasm	ctg50910	667	CuA	DXHH	C-NosZ_cladeI_II	723.6	4.9e-215
CAN_3::ctg24879_119	CAN_3	ctg24879	655	CuA	DXHH	C-NosZ_cladeI_II	723.5	5.1e-215
CAN_2::ctg734_190	CAN_2	ctg734	655	CuA	DXHH	C-NosZ_cladeI_II	723.0	7.0e-215
CAN_3::ctg26566_74	CAN_3	ctg26566	655	CuA	DXHH	C-NosZ_cladeI_II	723.0	7.0e-215
coasm::ctg23819_34	coasm	ctg23819	655	CuA	DXHH	C-NosZ_cladeI_II	723.0	7.0e-215
CAN_1::ctg14585_149	CAN_1	ctg14585	655	CuA	DXHH	C-NosZ_cladeI_II	723.0	7.4e-215
CAN_2::ctg17665_14	CAN_2	ctg17665	655	CuA	DXHH	C-NosZ_cladeI_II	723.0	7.4e-215
CAN_2::ctg624_1	CAN_2	ctg624	655	CuA	DXHH	C-NosZ_cladeI_II	723.0	7.4e-215
CAN_1::ctg16722_30	CAN_1	ctg16722	667	CuA	DXHH	C-NosZ_cladeI_II	722.4	1.1e-214
CAN_2::ctg15197_29	CAN_2	ctg15197	667	CuA	DXHH	C-NosZ_cladeI_II	722.4	1.1e-214
CAN_3::ctg5977_395	CAN_3	ctg5977	667	CuA	DXHH	C-NosZ_cladeI_II	722.4	1.1e-214
coasm::ctg22293_110	coasm	ctg22293	667	CuA	DXHH	C-NosZ_cladeI_II	722.4	1.1e-214
CAN_1::ctg24671_2	CAN_1	ctg24671	655	CuA	DXHH	C-NosZ_cladeI_II	721.9	1.6e-214
coasm::ctg32616_13	coasm	ctg32616	655	CuA	DXHH	C-NosZ_cladeI_II	721.5	2.1e-214
CAN_4::ctg4392_679	CAN_4	ctg4392	766	CuA	DXHH	C-NosZ_cladeI_II	721.4	2.2e-214
coasm::ctg177_20	coasm	ctg177	766	CuA	DXHH	C-NosZ_cladeI_II	721.4	2.2e-214
coasm::ctg4602_47	coasm	ctg4602	655	CuA	DXHH	C-NosZ_cladeI_II	721.4	2.2e-214
CAN_1::ctg14633_3	CAN_1	ctg14633	763	CuA	DXHH	C-NosZ_cladeI_II	721.3	2.3e-214
CAN_3::ctg6516_5	CAN_3	ctg6516	763	CuA	DXHH	C-NosZ_cladeI_II	721.3	2.3e-214
coasm::ctg41722_8	coasm	ctg41722	763	CuA	DXHH	C-NosZ_cladeI_II	721.3	2.3e-214
CAN_1::ctg23003_90	CAN_1	ctg23003	764	CuA	DXHH	C-NosZ_cladeI_II	721.1	2.6e-214
CAN_3::ctg14933_7	CAN_3	ctg14933	764	CuA	DXHH	C-NosZ_cladeI_II	721.1	2.6e-214
coasm::ctg41114_115	coasm	ctg41114	764	CuA	DXHH	C-NosZ_cladeI_II	721.1	2.6e-214
CAN_1::ctg17569_10	CAN_1	ctg17569	665	CuA	DXHH	C-NosZ_cladeI_II	721.0	2.9e-214
CAN_3::ctg10874_12	CAN_3	ctg10874	665	CuA	DXHH	C-NosZ_cladeI_II	721.0	2.9e-214
coasm::ctg33746_385	coasm	ctg33746	665	CuA	DXHH	C-NosZ_cladeI_II	721.0	2.9e-214
CAN_3::ctg22666_3	CAN_3	ctg22666	761	CuA	DXHH	C-NosZ_cladeI_II	720.9	3.1e-214
CAN_1::ctg7543_15	CAN_1	ctg7543	662	CuA	DXHH	C-NosZ_cladeI_II	720.6	3.8e-214
coasm::ctg43139_80	coasm	ctg43139	662	CuA	DXHH	C-NosZ_cladeI_II	720.6	3.8e-214
CAN_5::ctg10946_22	CAN_5	ctg10946	661	CuA	DXHH	C-NosZ_cladeI_II	720.6	3.9e-214
coasm::ctg54713_17	coasm	ctg54713	661	CuA	DXHH	C-NosZ_cladeI_II	720.6	3.9e-214
CAN_2::ctg10716_39	CAN_2	ctg10716	655	CuA	DXHH	C-NosZ_cladeI_II	720.6	3.9e-214
CAN_2::ctg18795_15	CAN_2	ctg18795	665	CuA	DXHH	C-NosZ_cladeI_II	720.5	4.2e-214
CAN_2::ctg20531_7	CAN_2	ctg20531	662	CuA	DXHH	C-NosZ_cladeI_II	720.2	4.9e-214
CAN_4::ctg3638_18	CAN_4	ctg3638	764	CuA	DXHH	C-NosZ_cladeI_II	720.2	5.2e-214
CAN_1::ctg13596_26	CAN_1	ctg13596	660	CuA	DXHH	C-NosZ_cladeI_II	720.1	5.6e-214
CAN_2::ctg6213_234	CAN_2	ctg6213	660	CuA	DXHH	C-NosZ_cladeI_II	720.1	5.6e-214
CAN_3::ctg25413_748	CAN_3	ctg25413	660	CuA	DXHH	C-NosZ_cladeI_II	720.1	5.6e-214
coasm::ctg32973_1088	coasm	ctg32973	660	CuA	DXHH	C-NosZ_cladeI_II	720.1	5.6e-214
CAN_3::ctg11251_72	CAN_3	ctg11251	673	CuA	DXHH	C-NosZ_cladeI_II	720.0	5.7e-214
coasm::ctg18712_2095	coasm	ctg18712	673	CuA	DXHH	C-NosZ_cladeI_II	720.0	5.7e-214
coasm::ctg24635_2185	coasm	ctg24635	663	CuA	DXHH	C-NosZ_cladeI_II	720.0	5.9e-214
coasm::ctg6122_9	coasm	ctg6122	761	CuA	DXHH	C-NosZ_cladeI_II	719.7	7.0e-214
CAN_4::ctg15109_26	CAN_4	ctg15109	764	CuA	DXHH	C-NosZ_cladeI_II	719.7	7.3e-214
CAN_1::ctg5669_617	CAN_1	ctg5669	766	CuA	DXHH	C-NosZ_cladeI_II	719.6	7.5e-214
CAN_2::ctg5728_516	CAN_2	ctg5728	766	CuA	DXHH	C-NosZ_cladeI_II	719.6	7.5e-214
CAN_3::ctg4389_69	CAN_3	ctg4389	766	CuA	DXHH	C-NosZ_cladeI_II	719.6	7.5e-214
CAN_4::ctg8804_171	CAN_4	ctg8804	766	CuA	DXHH	C-NosZ_cladeI_II	719.6	7.5e-214
coasm::ctg31888_264	coasm	ctg31888	766	CuA	DXHH	C-NosZ_cladeI_II	719.6	7.5e-214
coasm::ctg56797_796	coasm	ctg56797	766	CuA	DXHH	C-NosZ_cladeI_II	719.6	7.5e-214
CAN_2::ctg4205_45	CAN_2	ctg4205	764	CuA	DXHH	C-NosZ_cladeI_II	719.4	8.7e-214
CAN_3::ctg5613_65	CAN_3	ctg5613	764	CuA	DXHH	C-NosZ_cladeI_II	719.4	8.7e-214
coasm::ctg2333_143	coasm	ctg2333	764	CuA	DXHH	C-NosZ_cladeI_II	719.4	8.7e-214
coasm::ctg16561_410	coasm	ctg16561	764	CuA	DXHH	C-NosZ_cladeI_II	719.1	1.1e-213
CAN_1::ctg174_65	CAN_1	ctg174	764	CuA	DXHH	C-NosZ_cladeI_II	719.1	1.1e-213
CAN_2::ctg11114_18	CAN_2	ctg11114	673	CuA	DXHH	C-NosZ_cladeI_II	718.4	1.7e-213
CAN_5::ctg9725_5	CAN_5	ctg9725	670	CuA	DXHH	C-NosZ_cladeI_II	718.4	1.8e-213
coasm::ctg8379_18	coasm	ctg8379	670	CuA	DXHH	C-NosZ_cladeI_II	718.4	1.8e-213
CAN_5::ctg1781_559	CAN_5	ctg1781	766	CuA	DXHH	C-NosZ_cladeI_II	718.4	1.8e-213
coasm::ctg370_7	coasm	ctg370	766	CuA	DXHH	C-NosZ_cladeI_II	718.2	2.0e-213
CAN_1::ctg18754_185	CAN_1	ctg18754	762	CuA	DXHH	C-NosZ_cladeI_II	718.1	2.1e-213
coasm::ctg13386_25	coasm	ctg13386	762	CuA	DXHH	C-NosZ_cladeI_II	718.1	2.1e-213
CAN_4::ctg22767_1	CAN_4	ctg22767	681	CuA	DXHH	C-NosZ_cladeI_II	718.1	2.1e-213
coasm::ctg14493_10	coasm	ctg14493	764	CuA	DXHH	C-NosZ_cladeI_II	718.0	2.4e-213
CAN_2::ctg2283_7	CAN_2	ctg2283	663	CuA	DXHH	C-NosZ_cladeI_II	717.8	2.7e-213
CAN_3::ctg15941_4	CAN_3	ctg15941	663	CuA	DXHH	C-NosZ_cladeI_II	717.8	2.7e-213
coasm::ctg53838_5	coasm	ctg53838	663	CuA	DXHH	C-NosZ_cladeI_II	717.8	2.7e-213
CAN_1::ctg18627_44	CAN_1	ctg18627	766	CuA	DXHH	C-NosZ_cladeI_II	717.6	3.1e-213
CAN_2::ctg2910_17	CAN_2	ctg2910	766	CuA	DXHH	C-NosZ_cladeI_II	717.6	3.1e-213
CAN_3::ctg23692_22	CAN_3	ctg23692	766	CuA	DXHH	C-NosZ_cladeI_II	717.6	3.1e-213
CAN_4::ctg1827_46	CAN_4	ctg1827	766	CuA	DXHH	C-NosZ_cladeI_II	717.6	3.1e-213
coasm::ctg14625_110	coasm	ctg14625	766	CuA	DXHH	C-NosZ_cladeI_II	717.6	3.1e-213
CAN_4::ctg12185_380	CAN_4	ctg12185	668	CuA	DXHH	C-NosZ_cladeI_II	717.5	3.3e-213
CAN_5::ctg4330_1352	CAN_5	ctg4330	668	CuA	DXHH	C-NosZ_cladeI_II	717.5	3.3e-213
coasm::ctg56794_1344	coasm	ctg56794	668	CuA	DXHH	C-NosZ_cladeI_II	717.5	3.3e-213
CAN_5::ctg13374_340	CAN_5	ctg13374	756	CuA	DXHH	C-NosZ_cladeI_II	717.1	4.3e-213
CAN_1::ctg11203_63	CAN_1	ctg11203	673	CuA	DXHH	C-NosZ_cladeI_II	717.1	4.4e-213
coasm::ctg46140_101	coasm	ctg46140	762	CuA	DXHH	C-NosZ_cladeI_II	716.7	5.9e-213
CAN_1::ctg24455_1565	CAN_1	ctg24455	623	CuA	DXHH	C-NosZ_cladeI_II	716.6	6.5e-213
CAN_2::ctg14151_842	CAN_2	ctg14151	623	CuA	DXHH	C-NosZ_cladeI_II	716.6	6.5e-213
CAN_3::ctg27597_844	CAN_3	ctg27597	623	CuA	DXHH	C-NosZ_cladeI_II	716.6	6.5e-213
CAN_4::ctg3508_1561	CAN_4	ctg3508	623	CuA	DXHH	C-NosZ_cladeI_II	716.6	6.5e-213
CAN_5::ctg11880_933	CAN_5	ctg11880	623	CuA	DXHH	C-NosZ_cladeI_II	716.6	6.5e-213
coasm::ctg55519_408	coasm	ctg55519	623	CuA	DXHH	C-NosZ_cladeI_II	716.6	6.5e-213
coasm::ctg52552_4	coasm	ctg52552	646	CuA	DXHH	C-NosZ_cladeI_II	716.5	6.9e-213
CAN_5::ctg1059_1945	CAN_5	ctg1059	670	CuA	DXHH	C-NosZ_cladeI_II	716.4	7.0e-213
coasm::ctg487_263	coasm	ctg487	670	CuA	DXHH	C-NosZ_cladeI_II	716.4	7.0e-213
CAN_5::ctg9766_3	CAN_5	ctg9766	766	CuA	DXHH	C-NosZ_cladeI_II	716.4	7.4e-213
CAN_4::ctg21374_71	CAN_4	ctg21374	664	CuA	DXHH	C-NosZ_cladeI_II	716.3	8.0e-213
coasm::ctg2475_113	coasm	ctg2475	664	CuA	DXHH	C-NosZ_cladeI_II	716.3	8.0e-213
CAN_2::ctg7139_5	CAN_2	ctg7139	663	CuA	DXHH	C-NosZ_cladeI_II	715.9	1.0e-212
coasm::ctg55291_29	coasm	ctg55291	663	CuA	DXHH	C-NosZ_cladeI_II	715.9	1.0e-212
CAN_4::ctg22567_211	CAN_4	ctg22567	658	CuA	DXHH	C-NosZ_cladeI_II	715.9	1.0e-212
CAN_5::ctg3658_280	CAN_5	ctg3658	658	CuA	DXHH	C-NosZ_cladeI_II	715.9	1.0e-212
coasm::ctg7639_2689	coasm	ctg7639	658	CuA	DXHH	C-NosZ_cladeI_II	715.9	1.0e-212
CAN_4::ctg5444_47	CAN_4	ctg5444	756	CuA	DXHH	C-NosZ_cladeI_II	715.9	1.1e-212
CAN_4::ctg5387_10	CAN_4	ctg5387	660	CuA	DXHH	C-NosZ_cladeI_II	715.8	1.1e-212
coasm::ctg48863_1939	coasm	ctg48863	660	CuA	DXHH	C-NosZ_cladeI_II	715.8	1.1e-212
coasm::ctg44396_15	coasm	ctg44396	664	CuA	DXHH	C-NosZ_cladeI_II	715.2	1.7e-212
CAN_1::ctg724_1240	CAN_1	ctg724	662	CuA	DXHH	C-NosZ_cladeI_II	715.2	1.7e-212
CAN_2::ctg16531_254	CAN_2	ctg16531	662	CuA	DXHH	C-NosZ_cladeI_II	715.2	1.7e-212
CAN_3::ctg24736_410	CAN_3	ctg24736	662	CuA	DXHH	C-NosZ_cladeI_II	715.2	1.7e-212
coasm::ctg10363_863	coasm	ctg10363	662	CuA	DXHH	C-NosZ_cladeI_II	715.2	1.7e-212
CAN_3::ctg3119_3	CAN_3	ctg3119	764	CuA	DXHH	C-NosZ_cladeI_II	715.1	1.7e-212
coasm::ctg33437_2518	coasm	ctg33437	764	CuA	DXHH	C-NosZ_cladeI_II	715.1	1.7e-212
CAN_5::ctg14250_116	CAN_5	ctg14250	648	CuA	DXHH	C-NosZ_cladeI_II	715.1	1.8e-212
coasm::ctg20981_130	coasm	ctg20981	648	CuA	DXHH	C-NosZ_cladeI_II	715.1	1.8e-212
CAN_4::ctg2762_305	CAN_4	ctg2762	763	CuA	DXHH	C-NosZ_cladeI_II	715.0	1.9e-212
coasm::ctg45994_337	coasm	ctg45994	763	CuA	DXHH	C-NosZ_cladeI_II	715.0	1.9e-212
CAN_5::ctg172_7	CAN_5	ctg172	763	CuA	DXHH	C-NosZ_cladeI_II	715.0	1.9e-212
coasm::ctg46345_131	coasm	ctg46345	764	CuA	DXHH	C-NosZ_cladeI_II	714.8	2.2e-212
CAN_1::ctg23032_64	CAN_1	ctg23032	764	CuA	DXHH	C-NosZ_cladeI_II	714.8	2.2e-212
CAN_1::ctg508_75	CAN_1	ctg508	662	CuA	DXHH	C-NosZ_cladeI_II	714.8	2.2e-212
CAN_3::ctg25881_35	CAN_3	ctg25881	662	CuA	DXHH	C-NosZ_cladeI_II	714.8	2.2e-212
CAN_4::ctg8076_119	CAN_4	ctg8076	662	CuA	DXHH	C-NosZ_cladeI_II	714.8	2.2e-212
CAN_5::ctg12347_28	CAN_5	ctg12347	662	CuA	DXHH	C-NosZ_cladeI_II	714.8	2.2e-212
coasm::ctg42489_930	coasm	ctg42489	662	CuA	DXHH	C-NosZ_cladeI_II	714.8	2.2e-212
CAN_1::ctg9123_3772	CAN_1	ctg9123	756	CuA	DXHH	C-NosZ_cladeI_II	714.7	2.3e-212
CAN_2::ctg3889_815	CAN_2	ctg3889	756	CuA	DXHH	C-NosZ_cladeI_II	714.7	2.3e-212
CAN_3::ctg16868_357	CAN_3	ctg16868	756	CuA	DXHH	C-NosZ_cladeI_II	714.7	2.3e-212
CAN_4::ctg14540_1845	CAN_4	ctg14540	756	CuA	DXHH	C-NosZ_cladeI_II	714.7	2.3e-212
CAN_5::ctg2832_3156	CAN_5	ctg2832	756	CuA	DXHH	C-NosZ_cladeI_II	714.7	2.3e-212
coasm::ctg56799_806	coasm	ctg56799	756	CuA	DXHH	C-NosZ_cladeI_II	714.7	2.3e-212
CAN_1::ctg18964_42	CAN_1	ctg18964	664	CuA	DXHH	C-NosZ_cladeI_II	714.7	2.4e-212
coasm::ctg26101_3	coasm	ctg26101	664	CuA	DXHH	C-NosZ_cladeI_II	714.7	2.4e-212
CAN_4::ctg16091_1682	CAN_4	ctg16091	651	CuA	DXHH	C-NosZ_cladeI_II	714.3	3.1e-212
coasm::ctg12971_1142	coasm	ctg12971	651	CuA	DXHH	C-NosZ_cladeI_II	714.3	3.1e-212
CAN_1::ctg24480_11	CAN_1	ctg24480	662	CuA	DXHH	C-NosZ_cladeI_II	714.2	3.3e-212
CAN_2::ctg11023_9	CAN_2	ctg11023	662	CuA	DXHH	C-NosZ_cladeI_II	714.2	3.3e-212
CAN_3::ctg27783_148	CAN_3	ctg27783	662	CuA	DXHH	C-NosZ_cladeI_II	714.2	3.3e-212
coasm::ctg23016_535	coasm	ctg23016	662	CuA	DXHH	C-NosZ_cladeI_II	714.2	3.3e-212
CAN_1::ctg1288_1259	CAN_1	ctg1288	663	CuA	DXHH	C-NosZ_cladeI_II	714.0	3.8e-212
CAN_2::ctg18501_1616	CAN_2	ctg18501	663	CuA	DXHH	C-NosZ_cladeI_II	714.0	3.8e-212
CAN_3::ctg53_1467	CAN_3	ctg53	663	CuA	DXHH	C-NosZ_cladeI_II	714.0	3.8e-212
CAN_4::ctg14433_1030	CAN_4	ctg14433	663	CuA	DXHH	C-NosZ_cladeI_II	714.0	3.8e-212
coasm::ctg5228_775	coasm	ctg5228	663	CuA	DXHH	C-NosZ_cladeI_II	714.0	3.8e-212
CAN_2::ctg22612_48	CAN_2	ctg22612	764	CuA	DXHH	C-NosZ_cladeI_II	713.9	4.0e-212
CAN_1::ctg266_101	CAN_1	ctg266	661	CuA	DXHH	C-NosZ_cladeI_II	713.9	4.2e-212
CAN_2::ctg12321_13	CAN_2	ctg12321	661	CuA	DXHH	C-NosZ_cladeI_II	713.9	4.2e-212
CAN_3::ctg18485_13	CAN_3	ctg18485	661	CuA	DXHH	C-NosZ_cladeI_II	713.9	4.2e-212
CAN_4::ctg2845_2389	CAN_4	ctg2845	661	CuA	DXHH	C-NosZ_cladeI_II	713.9	4.2e-212
CAN_5::ctg16240_297	CAN_5	ctg16240	661	CuA	DXHH	C-NosZ_cladeI_II	713.9	4.2e-212
coasm::ctg24510_1068	coasm	ctg24510	661	CuA	DXHH	C-NosZ_cladeI_II	713.9	4.2e-212
CAN_4::ctg624_19	CAN_4	ctg624	764	CuA	DXHH	C-NosZ_cladeI_II	713.7	4.8e-212
CAN_4::ctg7483_2039	CAN_4	ctg7483	677	CuA	DXHH	C-NosZ_cladeI_II	713.1	7.4e-212
CAN_5::ctg5293_206	CAN_5	ctg5293	677	CuA	DXHH	C-NosZ_cladeI_II	713.1	7.4e-212
coasm::ctg36882_2031	coasm	ctg36882	677	CuA	DXHH	C-NosZ_cladeI_II	713.1	7.4e-212
CAN_1::ctg12889_28	CAN_1	ctg12889	651	CuA	DXHH	C-NosZ_cladeI_II	712.8	9.1e-212
CAN_2::ctg1532_2576	CAN_2	ctg1532	651	CuA	DXHH	C-NosZ_cladeI_II	712.8	9.1e-212
CAN_3::ctg13801_587	CAN_3	ctg13801	651	CuA	DXHH	C-NosZ_cladeI_II	712.8	9.1e-212
coasm::ctg31840_2165	coasm	ctg31840	651	CuA	DXHH	C-NosZ_cladeI_II	712.8	9.1e-212
CAN_1::ctg5001_3176	CAN_1	ctg5001	676	CuA	DXHH	C-NosZ_cladeI_II	712.6	9.9e-212
CAN_2::ctg14481_1213	CAN_2	ctg14481	676	CuA	DXHH	C-NosZ_cladeI_II	712.6	9.9e-212
CAN_3::ctg9444_1761	CAN_3	ctg9444	676	CuA	DXHH	C-NosZ_cladeI_II	712.6	9.9e-212
CAN_4::ctg9200_1689	CAN_4	ctg9200	676	CuA	DXHH	C-NosZ_cladeI_II	712.6	9.9e-212
CAN_5::ctg12283_962	CAN_5	ctg12283	676	CuA	DXHH	C-NosZ_cladeI_II	712.6	9.9e-212
coasm::ctg53824_2199	coasm	ctg53824	676	CuA	DXHH	C-NosZ_cladeI_II	712.6	9.9e-212
coasm::ctg5191_18	coasm	ctg5191	658	CuA	DXHH	C-NosZ_cladeI_II	712.5	1.1e-211
CAN_2::ctg22158_83	CAN_2	ctg22158	662	CuA	DXHH	C-NosZ_cladeI_II	712.1	1.5e-211
CAN_3::ctg5377_271	CAN_3	ctg5377	662	CuA	DXHH	C-NosZ_cladeI_II	712.1	1.5e-211
coasm::ctg36870_190	coasm	ctg36870	662	CuA	DXHH	C-NosZ_cladeI_II	712.1	1.5e-211
CAN_2::ctg7339_16	CAN_2	ctg7339	664	CuA	DXHH	C-NosZ_cladeI_II	711.4	2.3e-211
CAN_3::ctg25675_23	CAN_3	ctg25675	664	CuA	DXHH	C-NosZ_cladeI_II	711.4	2.3e-211
coasm::ctg24190_198	coasm	ctg24190	664	CuA	DXHH	C-NosZ_cladeI_II	711.4	2.3e-211
CAN_1::ctg7352_20	CAN_1	ctg7352	660	CuA	DXHH	C-NosZ_cladeI_II	709.8	7.1e-211
CAN_4::ctg14853_199	CAN_4	ctg14853	660	CuA	DXHH	C-NosZ_cladeI_II	709.8	7.1e-211
coasm::ctg13577_317	coasm	ctg13577	660	CuA	DXHH	C-NosZ_cladeI_II	709.8	7.1e-211
CAN_1::ctg20055_83	CAN_1	ctg20055	657	CuA	DXHH	C-NosZ_cladeI_II	709.6	8.1e-211
CAN_2::ctg16386_17	CAN_2	ctg16386	657	CuA	DXHH	C-NosZ_cladeI_II	709.6	8.1e-211
CAN_3::ctg21246_35	CAN_3	ctg21246	657	CuA	DXHH	C-NosZ_cladeI_II	709.6	8.1e-211
coasm::ctg890_3168	coasm	ctg890	657	CuA	DXHH	C-NosZ_cladeI_II	709.6	8.1e-211
coasm::ctg33078_21	coasm	ctg33078	669	CuA	DXHH	C-NosZ_cladeI_II	709.4	9.7e-211
CAN_5::ctg696_7	CAN_5	ctg696	713	CuA	DXHH	C-NosZ_cladeI_II	709.0	1.2e-210
CAN_4::ctg7707_1099	CAN_4	ctg7707	663	CuA	DXHH	C-NosZ_cladeI_II	708.3	2.1e-210
CAN_5::ctg3686_379	CAN_5	ctg3686	663	CuA	DXHH	C-NosZ_cladeI_II	708.3	2.1e-210
coasm::ctg2634_1011	coasm	ctg2634	663	CuA	DXHH	C-NosZ_cladeI_II	708.3	2.1e-210
CAN_3::ctg25105_8	CAN_3	ctg25105	671	CuA	DXHH	C-NosZ_cladeI_II	707.1	4.7e-210
coasm::ctg14758_7	coasm	ctg14758	671	CuA	DXHH	C-NosZ_cladeI_II	707.1	4.7e-210
CAN_1::ctg17860_14	CAN_1	ctg17860	759	CuA	DXHH	C-NosZ_cladeI_II	706.9	5.5e-210
CAN_3::ctg23820_40	CAN_3	ctg23820	759	CuA	DXHH	C-NosZ_cladeI_II	706.9	5.5e-210
coasm::ctg13104_1784	coasm	ctg13104	759	CuA	DXHH	C-NosZ_cladeI_II	706.9	5.5e-210
CAN_3::ctg16172_3	CAN_3	ctg16172	654	CuA	DXHH	C-NosZ_cladeI_II	706.3	8.3e-210
coasm::ctg21961_6	coasm	ctg21961	654	CuA	DXHH	C-NosZ_cladeI_II	706.3	8.3e-210
CAN_5::ctg2281_601	CAN_5	ctg2281	763	CuA	DXHH	C-NosZ_cladeI_II	706.2	9.1e-210
coasm::ctg42950_738	coasm	ctg42950	763	CuA	DXHH	C-NosZ_cladeI_II	706.2	9.1e-210
CAN_4::ctg1110_155	CAN_4	ctg1110	763	CuA	DXHH	C-NosZ_cladeI_II	706.1	9.3e-210
CAN_5::ctg17813_3	CAN_5	ctg17813	665	CuA	DXHH	C-NosZ_cladeI_II	706.1	9.4e-210
CAN_4::ctg22345_260	CAN_4	ctg22345	659	CuA	DXHH	C-NosZ_cladeI_II	705.7	1.3e-209
coasm::ctg46014_3054	coasm	ctg46014	659	CuA	DXHH	C-NosZ_cladeI_II	705.7	1.3e-209
CAN_1::ctg15941_318	CAN_1	ctg15941	663	CuA	DXHH	C-NosZ_cladeI_II	705.4	1.5e-209
CAN_2::ctg3713_2557	CAN_2	ctg3713	663	CuA	DXHH	C-NosZ_cladeI_II	705.4	1.5e-209
CAN_3::ctg22563_926	CAN_3	ctg22563	663	CuA	DXHH	C-NosZ_cladeI_II	705.4	1.5e-209
CAN_4::ctg5317_3004	CAN_4	ctg5317	663	CuA	DXHH	C-NosZ_cladeI_II	705.4	1.5e-209
CAN_5::ctg3787_474	CAN_5	ctg3787	663	CuA	DXHH	C-NosZ_cladeI_II	705.4	1.5e-209
coasm::ctg16880_184	coasm	ctg16880	663	CuA	DXHH	C-NosZ_cladeI_II	705.4	1.5e-209
coasm::ctg6949_42	coasm	ctg6949	766	CuA	DXHH	C-NosZ_cladeI_II	702.1	1.5e-208
CAN_1::ctg13980_40	CAN_1	ctg13980	764	CuA	DXHH	C-NosZ_cladeI_II	701.1	3.2e-208
CAN_3::ctg21488_27	CAN_3	ctg21488	764	CuA	DXHH	C-NosZ_cladeI_II	701.1	3.2e-208
CAN_4::ctg3735_1010	CAN_4	ctg3735	764	CuA	DXHH	C-NosZ_cladeI_II	701.1	3.2e-208
CAN_5::ctg10637_1926	CAN_5	ctg10637	764	CuA	DXHH	C-NosZ_cladeI_II	701.1	3.2e-208
coasm::ctg31784_727	coasm	ctg31784	764	CuA	DXHH	C-NosZ_cladeI_II	701.1	3.2e-208
CAN_1::ctg6553_461	CAN_1	ctg6553	762	CuA	DXHH	C-NosZ_cladeI_II	701.0	3.4e-208
CAN_2::ctg1050_1157	CAN_2	ctg1050	762	CuA	DXHH	C-NosZ_cladeI_II	701.0	3.4e-208
CAN_3::ctg20288_150	CAN_3	ctg20288	762	CuA	DXHH	C-NosZ_cladeI_II	701.0	3.4e-208
CAN_4::ctg2055_36	CAN_4	ctg2055	762	CuA	DXHH	C-NosZ_cladeI_II	700.7	4.1e-208
CAN_5::ctg836_2358	CAN_5	ctg836	762	CuA	DXHH	C-NosZ_cladeI_II	700.7	4.1e-208
coasm::ctg21526_2051	coasm	ctg21526	762	CuA	DXHH	C-NosZ_cladeI_II	700.7	4.1e-208
CAN_4::ctg6788_24	CAN_4	ctg6788	764	CuA	DXHH	C-NosZ_cladeI_II	698.9	1.5e-207
coasm::ctg24915_135	coasm	ctg24915	764	CuA	DXHH	C-NosZ_cladeI_II	698.9	1.5e-207
coasm::ctg13810_19	coasm	ctg13810	660	CuA	DXHH	C-NosZ_cladeI_II	698.6	1.7e-207
CAN_4::ctg10230_529	CAN_4	ctg10230	766	CuA	DXHH	C-NosZ_cladeI_II	698.5	1.9e-207
CAN_5::ctg13902_108	CAN_5	ctg13902	766	CuA	DXHH	C-NosZ_cladeI_II	698.5	1.9e-207
coasm::ctg14445_2356	coasm	ctg14445	766	CuA	DXHH	C-NosZ_cladeI_II	698.5	1.9e-207
coasm::ctg36363_31	coasm	ctg36363	714	CuA	DXHH	C-NosZ_cladeI_II	698.3	2.2e-207
CAN_1::ctg8193_6	CAN_1	ctg8193	659	CuA	DXHH	C-NosZ_cladeI_II	698.2	2.3e-207
coasm::ctg14465_949	coasm	ctg14465	659	CuA	DXHH	C-NosZ_cladeI_II	698.2	2.3e-207
CAN_4::ctg311_276	CAN_4	ctg311	670	CuA	DXHH	C-NosZ_cladeI_II	697.7	3.3e-207
CAN_5::ctg113_3982	CAN_5	ctg113	670	CuA	DXHH	C-NosZ_cladeI_II	697.7	3.3e-207
coasm::ctg31828_1637	coasm	ctg31828	670	CuA	DXHH	C-NosZ_cladeI_II	697.7	3.3e-207
CAN_5::ctg11638_2871	CAN_5	ctg11638	763	CuA	DXHH	C-NosZ_cladeI_II	697.4	4.1e-207
coasm::ctg41340_514	coasm	ctg41340	763	CuA	DXHH	C-NosZ_cladeI_II	697.4	4.1e-207
CAN_5::ctg5394_81	CAN_5	ctg5394	762	CuA	DXHH	C-NosZ_cladeI_II	694.2	3.8e-206
coasm::ctg36574_287	coasm	ctg36574	762	CuA	DXHH	C-NosZ_cladeI_II	694.2	3.8e-206
CAN_2::ctg9054_8	CAN_2	ctg9054	673	CuA	DXHH	C-NosZ_cladeI_II	692.6	1.1e-205
CAN_2::ctg11298_98	CAN_2	ctg11298	632	CuA	DXHH	C-NosZ_cladeI_II	691.3	2.9e-205
CAN_1::ctg14947_120	CAN_1	ctg14947	639	CuA	DXHH	C-NosZ_cladeI_II	691.2	3.0e-205
CAN_3::ctg10079_142	CAN_3	ctg10079	639	CuA	DXHH	C-NosZ_cladeI_II	691.2	3.0e-205
CAN_4::ctg4160_50	CAN_4	ctg4160	639	CuA	DXHH	C-NosZ_cladeI_II	691.2	3.0e-205
CAN_5::ctg15758_18	CAN_5	ctg15758	639	CuA	DXHH	C-NosZ_cladeI_II	691.2	3.0e-205
coasm::ctg8660_213	coasm	ctg8660	639	CuA	DXHH	C-NosZ_cladeI_II	691.2	3.0e-205
coasm::ctg17569_112	coasm	ctg17569	670	CuA	DXHH	C-NosZ_cladeI_II	688.1	2.7e-204
CAN_5::ctg13031_4	CAN_5	ctg13031	614	CuA	DXHH	C-NosZ_cladeI_II	687.0	5.6e-204
CAN_4::ctg21810_71	CAN_4	ctg21810	670	CuA	DXHH	C-NosZ_cladeI_II	686.9	6.2e-204
CAN_4::ctg1071_10	CAN_4	ctg1071	676	CuA	DXHH	C-NosZ_cladeI_II	685.0	2.2e-203
CAN_5::ctg7311_9	CAN_5	ctg7311	762	CuA	DXHH	C-NosZ_cladeI_II	684.4	3.6e-203
coasm::ctg8428_66	coasm	ctg8428	762	CuA	DXHH	C-NosZ_cladeI_II	684.4	3.6e-203
CAN_5::ctg3040_92	CAN_5	ctg3040	676	CuA	DXHH	C-NosZ_cladeI_II	683.7	5.9e-203
coasm::ctg11050_699	coasm	ctg11050	676	CuA	DXHH	C-NosZ_cladeI_II	683.7	5.9e-203
coasm::ctg17164_13	coasm	ctg17164	766	CuA	DXHH	C-NosZ_cladeI_II	683.2	7.9e-203
CAN_4::ctg22059_439	CAN_4	ctg22059	639	CuA	DXHH	C-NosZ_cladeI_II	681.4	2.8e-202
CAN_5::ctg15664_26	CAN_5	ctg15664	639	CuA	DXHH	C-NosZ_cladeI_II	681.4	2.8e-202
coasm::ctg46377_2246	coasm	ctg46377	639	CuA	DXHH	C-NosZ_cladeI_II	681.4	2.8e-202
CAN_1::ctg4539_11	CAN_1	ctg4539	663	CuA	DXHH	C-NosZ_cladeI_II	681.0	3.7e-202
CAN_3::ctg10750_2	CAN_3	ctg10750	663	CuA	DXHH	C-NosZ_cladeI_II	681.0	3.7e-202
coasm::ctg2818_987	coasm	ctg2818	663	CuA	DXHH	C-NosZ_cladeI_II	681.0	3.7e-202
coasm::ctg33534_64	coasm	ctg33534	659	CuA	DXHH	C-NosZ_cladeI_II	677.6	4.0e-201
CAN_4::ctg676_17	CAN_4	ctg676	675	CuA	DXHH	C-NosZ_cladeI_II	677.4	4.6e-201
CAN_5::ctg13065_30	CAN_5	ctg13065	675	CuA	DXHH	C-NosZ_cladeI_II	677.0	6.0e-201
coasm::ctg27346_632	coasm	ctg27346	675	CuA	DXHH	C-NosZ_cladeI_II	677.0	6.0e-201
coasm::ctg39344_4469	coasm	ctg39344	669	CuA	DXHH	C-NosZ_cladeI_II	675.5	1.7e-200
CAN_4::ctg1205_173	CAN_4	ctg1205	659	CuA	DXHH	C-NosZ_cladeI_II	675.4	1.9e-200
CAN_4::ctg5191_77	CAN_4	ctg5191	663	CuA	DXHH	C-NosZ_cladeI_II	675.0	2.5e-200
CAN_4::ctg7612_1729	CAN_4	ctg7612	665	CuA	DXHH	C-NosZ_cladeI_II	674.0	4.8e-200
CAN_5::ctg12443_1982	CAN_5	ctg12443	665	CuA	DXHH	C-NosZ_cladeI_II	674.0	4.8e-200
CAN_1::ctg12022_569	CAN_1	ctg12022	678	CuA	DXHH	C-NosZ_cladeI_II	673.7	6.2e-200
CAN_3::ctg1459_348	CAN_3	ctg1459	678	CuA	DXHH	C-NosZ_cladeI_II	673.7	6.2e-200
CAN_4::ctg13613_287	CAN_4	ctg13613	678	CuA	DXHH	C-NosZ_cladeI_II	673.7	6.2e-200
CAN_5::ctg17433_311	CAN_5	ctg17433	678	CuA	DXHH	C-NosZ_cladeI_II	673.7	6.2e-200
coasm::ctg24972_559	coasm	ctg24972	678	CuA	DXHH	C-NosZ_cladeI_II	673.7	6.2e-200
CAN_5::ctg9973_2378	CAN_5	ctg9973	659	CuA	DXHH	C-NosZ_cladeI_II	673.3	7.8e-200
coasm::ctg29008_718	coasm	ctg29008	659	CuA	DXHH	C-NosZ_cladeI_II	673.3	7.8e-200
coasm::ctg16472_8	coasm	ctg16472	657	CuA	DXHH	C-NosZ_cladeI_II	672.3	1.6e-199
CAN_3::ctg18230_6	CAN_3	ctg18230	655	CuA	DXHH	C-NosZ_cladeI_II	671.2	3.5e-199
coasm::ctg17557_24	coasm	ctg17557	655	CuA	DXHH	C-NosZ_cladeI_II	671.2	3.5e-199
CAN_1::ctg3927_4	CAN_1	ctg3927	602	CuA	DXHH	C-NosZ_cladeI_II	671.0	3.9e-199
coasm::ctg23874_6	coasm	ctg23874	718	CuA	DXHH	C-NosZ_cladeI_II	658.5	2.4e-195
CAN_3::ctg3861_5	CAN_3	ctg3861	502	CuA	?	CuA_present_no_CuZ	654.3	4.7e-194
CAN_1::ctg1065_7	CAN_1	ctg1065	665	CuA	DXHH	C-NosZ_cladeI_II	654.2	4.8e-194
CAN_4::ctg2475_2	CAN_4	ctg2475	665	CuA	DXHH	C-NosZ_cladeI_II	654.2	4.8e-194
coasm::ctg17529_55	coasm	ctg17529	665	CuA	DXHH	C-NosZ_cladeI_II	654.2	4.8e-194
CAN_3::ctg5690_13	CAN_3	ctg5690	1117	noCuA	DXHH	C-NosZ_cladeI_II	653.3	9.0e-194
CAN_5::ctg10564_2194	CAN_5	ctg10564	636	noCuA	DXHH	C-NosZ_cladeI_II	652.6	1.5e-193
coasm::ctg32192_1	coasm	ctg32192	692	CuA	DXHH	C-NosZ_cladeI_II	650.0	9.1e-193
CAN_2::ctg2815_8	CAN_2	ctg2815	665	CuA	DXHH	C-NosZ_cladeI_II	649.8	1.1e-192
CAN_3::ctg26537_22	CAN_3	ctg26537	665	CuA	DXHH	C-NosZ_cladeI_II	649.8	1.1e-192
coasm::ctg46795_166	coasm	ctg46795	665	CuA	DXHH	C-NosZ_cladeI_II	649.8	1.1e-192
coasm::ctg55324_32	coasm	ctg55324	693	CuA	DXHH	C-NosZ_cladeI_II	649.6	1.2e-192
coasm::ctg35241_1018	coasm	ctg35241	703	CuA	DXHH	C-NosZ_cladeI_II	649.1	1.8e-192
CAN_3::ctg25009_4	CAN_3	ctg25009	725	CuA	DXHH	C-NosZ_cladeI_II	648.9	2.0e-192
CAN_3::ctg11573_288	CAN_3	ctg11573	725	CuA	DXHH	C-NosZ_cladeI_II	648.9	2.0e-192
coasm::ctg40967_33	coasm	ctg40967	703	CuA	DXHH	C-NosZ_cladeI_II	648.3	3.1e-192
CAN_2::ctg6119_11	CAN_2	ctg6119	703	CuA	DXHH	C-NosZ_cladeI_II	648.3	3.1e-192
CAN_4::ctg4591_5	CAN_4	ctg4591	693	CuA	DXHH	C-NosZ_cladeI_II	646.0	1.5e-191
CAN_1::ctg10070_21	CAN_1	ctg10070	692	CuA	DXHH	C-NosZ_cladeI_II	645.8	1.8e-191
coasm::ctg25534_10	coasm	ctg25534	692	CuA	DXHH	C-NosZ_cladeI_II	645.8	1.8e-191
CAN_3::ctg13735_1	CAN_3	ctg13735	572	CuA	DXHH	C-NosZ_cladeI_II	644.3	4.7e-191
CAN_4::ctg7916_899	CAN_4	ctg7916	663	CuA	DXHH	C-NosZ_cladeI_II	642.6	1.6e-190
CAN_5::ctg6396_795	CAN_5	ctg6396	663	CuA	DXHH	C-NosZ_cladeI_II	642.1	2.3e-190
coasm::ctg3537_947	coasm	ctg3537	663	CuA	DXHH	C-NosZ_cladeI_II	642.1	2.3e-190
coasm::ctg28346_12	coasm	ctg28346	471	CuA	?	CuA_present_no_CuZ	641.9	2.6e-190
CAN_2::ctg10973_6	CAN_2	ctg10973	471	CuA	?	CuA_present_no_CuZ	641.2	4.1e-190
coasm::ctg33209_16	coasm	ctg33209	763	CuA	?	CuA_present_no_CuZ	639.9	1.0e-189
CAN_1::ctg16786_39	CAN_1	ctg16786	665	CuA	DXHH	C-NosZ_cladeI_II	639.3	1.6e-189
CAN_3::ctg24855_38	CAN_3	ctg24855	665	CuA	DXHH	C-NosZ_cladeI_II	639.3	1.6e-189
coasm::ctg46795_134	coasm	ctg46795	665	CuA	DXHH	C-NosZ_cladeI_II	639.3	1.6e-189
CAN_4::ctg2531_9	CAN_4	ctg2531	692	CuA	DXHH	C-NosZ_cladeI_II	639.0	1.9e-189
CAN_4::ctg22121_2532	CAN_4	ctg22121	665	CuA	DXHH	C-NosZ_cladeI_II	638.2	3.4e-189
CAN_5::ctg4953_20	CAN_5	ctg4953	665	CuA	DXHH	C-NosZ_cladeI_II	638.2	3.4e-189
coasm::ctg37022_213	coasm	ctg37022	665	CuA	DXHH	C-NosZ_cladeI_II	638.2	3.4e-189
coasm::ctg33817_36	coasm	ctg33817	665	CuA	DXHH	C-NosZ_cladeI_II	637.8	4.5e-189
CAN_1::ctg22263_6	CAN_1	ctg22263	604	CuA	DXHH	C-NosZ_cladeI_II	629.0	2.1e-186
CAN_1::ctg14939_26	CAN_1	ctg14939	670	noCuA	DXHH	C-NosZ_cladeI_II	622.1	2.5e-184
CAN_2::ctg15378_74	CAN_2	ctg15378	565	CuA	DXHH	C-NosZ_cladeI_II	621.7	3.3e-184
CAN_3::ctg8723_17	CAN_3	ctg8723	1169	noCuA	DXHH	C-NosZ_cladeI_II	619.8	1.2e-183
CAN_4::ctg7860_200	CAN_4	ctg7860	666	noCuA	DXHH	C-NosZ_cladeI_II	619.7	1.3e-183
CAN_5::ctg14278_25	CAN_5	ctg14278	666	noCuA	DXHH	C-NosZ_cladeI_II	619.7	1.3e-183
CAN_2::ctg21841_14	CAN_2	ctg21841	666	noCuA	DXHH	C-NosZ_cladeI_II	618.4	3.4e-183
CAN_3::ctg12637_27	CAN_3	ctg12637	632	noCuA	DXHH	C-NosZ_cladeI_II	618.3	3.7e-183
coasm::ctg42079_61	coasm	ctg42079	580	CuA	DXHH	C-NosZ_cladeI_II	615.5	2.5e-182
CAN_1::ctg15985_1	CAN_1	ctg15985	580	noCuA	DXHH	C-NosZ_cladeI_II	609.3	1.9e-180
coasm::ctg2280_1	coasm	ctg2280	580	noCuA	DXHH	C-NosZ_cladeI_II	609.3	1.9e-180
CAN_1::ctg6342_24	CAN_1	ctg6342	572	CuA	DXHH	C-NosZ_cladeI_II	605.0	3.9e-179
coasm::ctg273_4	coasm	ctg273	568	CuA	DXHH	C-NosZ_cladeI_II	604.0	7.9e-179
CAN_3::ctg17443_11	CAN_3	ctg17443	579	noCuA	DXHH	C-NosZ_cladeI_II	603.7	9.6e-179
CAN_2::ctg7033_2	CAN_2	ctg7033	408	CuA	?	CuA_present_no_CuZ	600.3	1.1e-177
CAN_2::ctg20101_6	CAN_2	ctg20101	1072	noCuA	DXHH	C-NosZ_cladeI_II	587.0	1.1e-173
CAN_1::ctg946_10	CAN_1	ctg946	564	noCuA	DXHH	C-NosZ_cladeI_II	586.4	1.6e-173
coasm::ctg34566_10	coasm	ctg34566	565	noCuA	DXHH	C-NosZ_cladeI_II	584.8	5.2e-173
CAN_1::ctg21359_12	CAN_1	ctg21359	563	noCuA	DXHH	C-NosZ_cladeI_II	584.5	6.4e-173
CAN_2::ctg12877_18	CAN_2	ctg12877	658	noCuA	DXHH	C-NosZ_cladeI_II	577.5	8.1e-171
coasm::ctg55758_1	coasm	ctg55758	658	noCuA	DXHH	C-NosZ_cladeI_II	577.5	8.1e-171
CAN_3::ctg7735_6	CAN_3	ctg7735	538	noCuA	DXHH	C-NosZ_cladeI_II	566.8	1.4e-167
coasm::ctg50637_1	coasm	ctg50637	433	CuA	?	CuA_present_no_CuZ	565.2	4.2e-167
coasm::ctg6293_20	coasm	ctg6293	538	noCuA	DXHH	C-NosZ_cladeI_II	559.1	3.1e-165
coasm::ctg28217_17	coasm	ctg28217	547	noCuA	DXHH	C-NosZ_cladeI_II	539.6	2.4e-159
CAN_4::ctg14750_15	CAN_4	ctg14750	530	CuA	?	CuA_present_no_CuZ	539.6	2.4e-159
coasm::ctg52026_3	coasm	ctg52026	530	CuA	?	CuA_present_no_CuZ	539.6	2.4e-159
CAN_1::ctg23115_1	CAN_1	ctg23115	542	noCuA	DXHH	C-NosZ_cladeI_II	530.8	1.1e-156
CAN_1::ctg14909_27	CAN_1	ctg14909	696	noCuA	DXHH	C-NosZ_cladeI_II	529.9	2.1e-156
coasm::ctg21201_1	coasm	ctg21201	601	CuA	?	CuA_present_no_CuZ	527.0	1.6e-155
CAN_1::ctg20485_17	CAN_1	ctg20485	509	CuA	?	CuA_present_no_CuZ	519.2	3.6e-153
CAN_3::ctg26099_2	CAN_3	ctg26099	483	CuA	?	CuA_present_no_CuZ	509.5	3.1e-150
CAN_2::ctg19275_1	CAN_2	ctg19275	382	CuA	?	CuA_present_no_CuZ	495.4	6.0e-146
CAN_1::ctg22313_20	CAN_1	ctg22313	539	noCuA	DXHH	C-NosZ_cladeI_II	494.8	9.1e-146
CAN_4::ctg10162_40	CAN_4	ctg10162	483	CuA	?	CuA_present_no_CuZ	490.4	1.9e-144
CAN_2::ctg1384_7	CAN_2	ctg1384	484	CuA	?	CuA_present_no_CuZ	489.0	5.2e-144
CAN_2::ctg18157_9	CAN_2	ctg18157	440	CuA	?	CuA_present_no_CuZ	485.8	4.7e-143
coasm::ctg45553_8	coasm	ctg45553	461	CuA	?	CuA_present_no_CuZ	460.7	1.9e-135
coasm::ctg501_1	coasm	ctg501	454	noCuA	DXHH	C-NosZ_cladeI_II	460.6	2.1e-135
CAN_1::ctg15056_14	CAN_1	ctg15056	476	CuA	?	CuA_present_no_CuZ	450.8	1.9e-132
coasm::ctg9264_6	coasm	ctg9264	479	CuA	?	CuA_present_no_CuZ	449.6	4.2e-132
CAN_4::ctg17202_47	CAN_4	ctg17202	429	CuA	?	CuA_present_no_CuZ	447.3	2.2e-131
CAN_3::ctg20089_3	CAN_3	ctg20089	453	noCuA	DXHH	C-NosZ_cladeI_II	444.1	2.0e-130
CAN_3::ctg7457_6	CAN_3	ctg7457	481	CuA	?	CuA_present_no_CuZ	443.4	3.3e-130
CAN_5::ctg4833_1	CAN_5	ctg4833	426	noCuA	DXHH	C-NosZ_cladeI_II	441.9	9.5e-130
CAN_3::ctg7799_14	CAN_3	ctg7799	404	CuA	?	CuA_present_no_CuZ	437.4	2.1e-128
CAN_2::ctg4011_155	CAN_2	ctg4011	466	CuA	?	CuA_present_no_CuZ	433.4	3.6e-127
CAN_3::ctg7526_2	CAN_3	ctg7526	399	CuA	?	CuA_present_no_CuZ	432.4	6.8e-127
CAN_5::ctg7149_5	CAN_5	ctg7149	453	noCuA	DXHH	C-NosZ_cladeI_II	420.6	2.6e-123
coasm::ctg40837_5	coasm	ctg40837	453	noCuA	DXHH	C-NosZ_cladeI_II	420.6	2.6e-123
CAN_4::ctg13505_1	CAN_4	ctg13505	377	CuA	?	CuA_present_no_CuZ	415.6	8.5e-122
CAN_1::ctg10196_2	CAN_1	ctg10196	289	CuA	?	CuA_present_no_CuZ	414.4	2.0e-121
CAN_2::ctg17622_17	CAN_2	ctg17622	428	CuA	?	CuA_present_no_CuZ	393.9	3.2e-115
CAN_5::ctg2026_30	CAN_5	ctg2026	476	noCuA	DXHH	C-NosZ_cladeI_II	393.4	4.4e-115
CAN_1::ctg9737_4	CAN_1	ctg9737	279	CuA	?	CuA_present_no_CuZ	378.2	1.8e-110
CAN_3::ctg17345_25	CAN_3	ctg17345	381	CuA	?	CuA_present_no_CuZ	368.9	1.2e-107
coasm::ctg39306_17	coasm	ctg39306	296	CuA	?	CuA_present_no_CuZ	366.2	7.8e-107
coasm::ctg55256_10	coasm	ctg55256	380	CuA	?	CuA_present_no_CuZ	363.7	4.3e-106
coasm::ctg48201_551	coasm	ctg48201	402	CuA	?	CuA_present_no_CuZ	361.9	1.6e-105
coasm::ctg3312_50	coasm	ctg3312	287	CuA	?	CuA_present_no_CuZ	358.7	1.4e-104
CAN_5::ctg13529_20	CAN_5	ctg13529	301	CuA	?	CuA_present_no_CuZ	357.8	2.8e-104
coasm::ctg54801_20	coasm	ctg54801	301	CuA	?	CuA_present_no_CuZ	357.8	2.8e-104
coasm::ctg35294_17	coasm	ctg35294	380	CuA	?	CuA_present_no_CuZ	357.5	3.4e-104
coasm::ctg55164_181	coasm	ctg55164	319	noCuA	?	no_CuA	351.2	2.7e-102
CAN_1::ctg17949_13	CAN_1	ctg17949	355	noCuA	DXHH	C-NosZ_cladeI_II	349.0	1.3e-101
coasm::ctg33077_14	coasm	ctg33077	305	CuA	?	CuA_present_no_CuZ	345.8	1.2e-100
CAN_3::ctg980_11	CAN_3	ctg980	356	noCuA	DXHH	C-NosZ_cladeI_II	344.4	3.0e-100
CAN_4::ctg18757_45	CAN_4	ctg18757	277	CuA	?	CuA_present_no_CuZ	337.3	4.5e-98
coasm::ctg56312_70	coasm	ctg56312	277	CuA	?	CuA_present_no_CuZ	337.3	4.5e-98
CAN_1::ctg5930_18	CAN_1	ctg5930	349	noCuA	DXHH	C-NosZ_cladeI_II	334.3	3.6e-97
CAN_3::ctg20441_31	CAN_3	ctg20441	376	CuA	?	CuA_present_no_CuZ	331.7	2.2e-96
coasm::ctg56312_71	coasm	ctg56312	398	noCuA	DXHH	C-NosZ_cladeI_II	329.5	1.0e-95
CAN_4::ctg8775_8	CAN_4	ctg8775	441	noCuA	DXHH	C-NosZ_cladeI_II	327.4	4.3e-95
coasm::ctg50043_8	coasm	ctg50043	441	noCuA	DXHH	C-NosZ_cladeI_II	327.4	4.3e-95
CAN_3::ctg10147_14	CAN_3	ctg10147	344	CuA	?	CuA_present_no_CuZ	321.9	2.0e-93
coasm::ctg27397_1	coasm	ctg27397	344	CuA	?	CuA_present_no_CuZ	321.9	2.0e-93
coasm::ctg15030_23	coasm	ctg15030	358	noCuA	DXHH	C-NosZ_cladeI_II	320.1	7.0e-93
CAN_2::ctg15463_1	CAN_2	ctg15463	410	noCuA	DXHH	C-NosZ_cladeI_II	318.7	1.9e-92
CAN_1::ctg9737_3	CAN_1	ctg9737	391	noCuA	DXHH	C-NosZ_cladeI_II	318.4	2.3e-92
coasm::ctg3312_49	coasm	ctg3312	387	noCuA	DXHH	C-NosZ_cladeI_II	316.1	1.2e-91
CAN_3::ctg24657_2	CAN_3	ctg24657	340	noCuA	DXHH	C-NosZ_cladeI_II	312.3	1.6e-90
CAN_1::ctg5415_1	CAN_1	ctg5415	335	noCuA	DXHH	C-NosZ_cladeI_II	308.4	2.5e-89
CAN_4::ctg14989_7	CAN_4	ctg14989	416	noCuA	DXHH	C-NosZ_cladeI_II	308.2	2.9e-89
coasm::ctg15352_10	coasm	ctg15352	416	noCuA	DXHH	C-NosZ_cladeI_II	308.2	2.9e-89
CAN_2::ctg17622_16	CAN_2	ctg17622	339	noCuA	DXHH	C-NosZ_cladeI_II	306.5	9.1e-89
coasm::ctg48201_550	coasm	ctg48201	335	noCuA	DXHH	C-NosZ_cladeI_II	304.5	3.6e-88
coasm::ctg55256_11	coasm	ctg55256	342	noCuA	DXHH	C-NosZ_cladeI_II	304.5	3.8e-88
CAN_1::ctg5565_11	CAN_1	ctg5565	201	CuA	?	CuA_present_no_CuZ	301.7	2.6e-87
CAN_4::ctg6835_98	CAN_4	ctg6835	288	noCuA	DXHH	C-NosZ_cladeI_II	301.2	3.8e-87
coasm::ctg39133_8	coasm	ctg39133	320	noCuA	?	no_CuA	299.9	9.3e-87
coasm::ctg21029_1	coasm	ctg21029	328	noCuA	DXHH	C-NosZ_cladeI_II	299.4	1.3e-86
CAN_4::ctg8775_7	CAN_4	ctg8775	231	CuA	?	CuA_present_no_CuZ	290.3	7.3e-84
coasm::ctg50043_7	coasm	ctg50043	231	CuA	?	CuA_present_no_CuZ	290.3	7.3e-84
coasm::ctg20373_2	coasm	ctg20373	306	noCuA	DXHH	C-NosZ_cladeI_II	290.1	8.7e-84
coasm::ctg37640_27	coasm	ctg37640	328	noCuA	DXHH	C-NosZ_cladeI_II	288.6	2.4e-83
CAN_3::ctg17110_9	CAN_3	ctg17110	334	noCuA	DXHH	C-NosZ_cladeI_II	287.3	5.8e-83
coasm::ctg1059_9	coasm	ctg1059	334	noCuA	DXHH	C-NosZ_cladeI_II	287.3	5.8e-83
CAN_3::ctg18588_5	CAN_3	ctg18588	322	noCuA	DXHH	C-NosZ_cladeI_II	284.3	4.9e-82
CAN_3::ctg17345_24	CAN_3	ctg17345	405	noCuA	DXHH	C-NosZ_cladeI_II	277.3	6.5e-80
coasm::ctg55164_180	coasm	ctg55164	288	noCuA	DXHH	C-NosZ_cladeI_II	272.6	1.7e-78
CAN_3::ctg980_10	CAN_3	ctg980	231	CuA	?	CuA_present_no_CuZ	271.8	3.0e-78
CAN_4::ctg14989_8	CAN_4	ctg14989	213	CuA	?	CuA_present_no_CuZ	266.7	1.0e-76
coasm::ctg15352_9	coasm	ctg15352	213	CuA	?	CuA_present_no_CuZ	266.7	1.0e-76
coasm::ctg20373_3	coasm	ctg20373	236	noCuA	?	no_CuA	265.9	1.8e-76
CAN_1::ctg16808_1	CAN_1	ctg16808	292	noCuA	DXHH	C-NosZ_cladeI_II	260.7	6.7e-75
CAN_3::ctg4251_56	CAN_3	ctg4251	363	noCuA	DXHH	C-NosZ_cladeI_II	255.7	2.3e-73
CAN_4::ctg18757_46	CAN_4	ctg18757	371	noCuA	DXHH	C-NosZ_cladeI_II	252.9	1.6e-72
CAN_1::ctg15056_15	CAN_1	ctg15056	289	noCuA	DXHH	C-NosZ_cladeI_II	241.1	6.0e-69
coasm::ctg895_104	coasm	ctg895	414	noCuA	DXHH	C-NosZ_cladeI_II	238.8	2.9e-68
CAN_3::ctg17110_8	CAN_3	ctg17110	215	noCuA	?	no_CuA	236.6	1.3e-67
coasm::ctg1059_8	coasm	ctg1059	215	noCuA	?	no_CuA	236.6	1.3e-67
CAN_3::ctg7457_5	CAN_3	ctg7457	238	noCuA	DXHH	C-NosZ_cladeI_II	235.7	2.5e-67
coasm::ctg15030_25	coasm	ctg15030	224	CuA	?	CuA_present_no_CuZ	235.0	4.2e-67
CAN_3::ctg21427_5	CAN_3	ctg21427	262	noCuA	DXHH	C-NosZ_cladeI_II	234.3	6.8e-67
CAN_2::ctg5444_1	CAN_2	ctg5444	203	noCuA	?	no_CuA	234.0	8.5e-67
CAN_3::ctg18588_4	CAN_3	ctg18588	203	noCuA	?	no_CuA	229.1	2.5e-65
CAN_5::ctg2026_29	CAN_5	ctg2026	188	CuA	?	CuA_present_no_CuZ	227.7	6.6e-65
CAN_3::ctg7799_15	CAN_3	ctg7799	256	noCuA	DXHH	C-NosZ_cladeI_II	227.6	7.3e-65
CAN_4::ctg7102_62	CAN_4	ctg7102	239	noCuA	DXHH	C-NosZ_cladeI_II	224.3	6.9e-64
coasm::ctg13218_18	coasm	ctg13218	239	noCuA	DXHH	C-NosZ_cladeI_II	224.3	6.9e-64
CAN_2::ctg4011_156	CAN_2	ctg4011	246	noCuA	DXHH	C-NosZ_cladeI_II	222.9	1.9e-63
CAN_3::ctg7526_3	CAN_3	ctg7526	232	noCuA	DXHH	C-NosZ_cladeI_II	222.6	2.3e-63
CAN_4::ctg17202_48	CAN_4	ctg17202	259	noCuA	DXHH	C-NosZ_cladeI_II	215.8	2.7e-61
CAN_3::ctg20089_4	CAN_3	ctg20089	185	noCuA	?	no_CuA	212.9	2.0e-60
coasm::ctg37832_25	coasm	ctg37832	206	noCuA	?	no_CuA	212.0	3.7e-60
CAN_3::ctg26099_1	CAN_3	ctg26099	182	noCuA	DXHH	C-NosZ_cladeI_II	208.6	4.2e-59
coasm::ctg37640_29	coasm	ctg37640	204	CuA	?	CuA_present_no_CuZ	207.5	8.7e-59
CAN_2::ctg683_9	CAN_2	ctg683	147	CuA	?	CuA_present_no_CuZ	197.8	7.7e-56
CAN_3::ctg17630_19	CAN_3	ctg17630	219	noCuA	GXHH	L-NosZ_cladeIII	193.0	2.1e-54
coasm::ctg37832_26	coasm	ctg37832	139	CuA	?	CuA_present_no_CuZ	186.1	2.6e-52
CAN_4::ctg10162_41	CAN_4	ctg10162	191	noCuA	DXHH	C-NosZ_cladeI_II	184.9	5.9e-52
CAN_2::ctg20449_8	CAN_2	ctg20449	161	noCuA	DXHH	C-NosZ_cladeI_II	183.9	1.2e-51
CAN_3::ctg18588_3	CAN_3	ctg18588	174	CuA	?	CuA_present_no_CuZ	181.5	6.3e-51
CAN_3::ctg17630_18	CAN_3	ctg17630	188	noCuA	DXHH	C-NosZ_cladeI_II	180.9	1.0e-50
coasm::ctg895_105	coasm	ctg895	180	noCuA	?	no_CuA	180.7	1.2e-50
coasm::ctg39306_18	coasm	ctg39306	272	noCuA	DXHH	C-NosZ_cladeI_II	179.6	2.4e-50
CAN_3::ctg21427_8	CAN_3	ctg21427	167	CuA	?	CuA_present_no_CuZ	179.3	3.1e-50
CAN_2::ctg10849_1	CAN_2	ctg10849	167	CuA	?	CuA_present_no_CuZ	178.0	7.2e-50
CAN_2::ctg15314_144	CAN_2	ctg15314	229	noCuA	DXHH	C-NosZ_cladeI_II	178.0	7.5e-50
CAN_2::ctg9701_20	CAN_2	ctg9701	158	noCuA	?	no_CuA	176.9	1.6e-49
CAN_3::ctg12914_1	CAN_3	ctg12914	120	CuA	?	CuA_present_no_CuZ	175.2	5.4e-49
CAN_2::ctg1384_8	CAN_2	ctg1384	207	noCuA	DXHH	C-NosZ_cladeI_II	168.6	5.1e-47
CAN_2::ctg9701_19	CAN_2	ctg9701	176	CuA	?	CuA_present_no_CuZ	167.8	9.2e-47
CAN_3::ctg7735_5	CAN_3	ctg7735	110	CuA	?	CuA_present_no_CuZ	167.7	9.5e-47
CAN_3::ctg21427_7	CAN_3	ctg21427	149	noCuA	?	no_CuA	166.5	2.2e-46
coasm::ctg48115_240	coasm	ctg48115	158	CuA	?	CuA_present_no_CuZ	166.1	3.0e-46
CAN_3::ctg17630_20	CAN_3	ctg17630	173	CuA	?	CuA_present_no_CuZ	166.0	3.1e-46
CAN_3::ctg16742_1	CAN_3	ctg16742	161	CuA	?	CuA_present_no_CuZ	161.3	8.4e-45
coasm::ctg37832_24	coasm	ctg37832	162	noCuA	?	no_CuA	161.2	9.2e-45
coasm::ctg37640_28	coasm	ctg37640	149	noCuA	?	no_CuA	153.8	1.6e-42
CAN_1::ctg22313_21	CAN_1	ctg22313	121	CuA	?	CuA_present_no_CuZ	146.8	2.1e-40
coasm::ctg895_106	coasm	ctg895	121	CuA	?	CuA_present_no_CuZ	146.5	2.5e-40
coasm::ctg20373_4	coasm	ctg20373	128	CuA	?	CuA_present_no_CuZ	145.9	3.9e-40
CAN_3::ctg13576_1	CAN_3	ctg13576	161	noCuA	DXHH	C-NosZ_cladeI_II	143.1	2.8e-39
coasm::ctg39133_9	coasm	ctg39133	95	CuA	?	CuA_present_no_CuZ	131.9	6.9e-36
CAN_3::ctg17110_7	CAN_3	ctg17110	121	CuA	?	CuA_present_no_CuZ	128.2	9.0e-35
coasm::ctg1059_7	coasm	ctg1059	121	CuA	?	CuA_present_no_CuZ	128.2	9.0e-35
CAN_2::ctg21477_1	CAN_2	ctg21477	126	noCuA	DXHH	C-NosZ_cladeI_II	127.3	1.7e-34
coasm::ctg6293_21	coasm	ctg6293	114	CuA	?	CuA_present_no_CuZ	124.9	9.0e-34
coasm::ctg39133_7	coasm	ctg39133	163	noCuA	DXHH	C-NosZ_cladeI_II	124.7	1.1e-33
coasm::ctg45553_9	coasm	ctg45553	182	noCuA	?	no_CuA	122.0	6.6e-33
coasm::ctg35294_18	coasm	ctg35294	158	noCuA	?	no_CuA	118.4	8.1e-32
CAN_5::ctg7149_3	CAN_5	ctg7149	105	CuA	?	CuA_present_no_CuZ	118.3	9.0e-32
coasm::ctg40837_3	coasm	ctg40837	105	CuA	?	CuA_present_no_CuZ	118.3	9.0e-32
CAN_2::ctg2701_10	CAN_2	ctg2701	153	noCuA	DXHH	C-NosZ_cladeI_II	118.1	1.0e-31
CAN_2::ctg5444_2	CAN_2	ctg5444	136	noCuA	DXHH	C-NosZ_cladeI_II	114.1	1.7e-30
CAN_3::ctg24657_1	CAN_3	ctg24657	270	CuA	?	CuA_present_no_CuZ	111.8	8.4e-30
CAN_5::ctg17083_32	CAN_5	ctg17083	141	noCuA	DXHH	C-NosZ_cladeI_II	109.0	5.8e-29
CAN_3::ctg17443_10	CAN_3	ctg17443	61	CuA	?	CuA_present_no_CuZ	98.6	8.0e-26
CAN_3::ctg14052_1	CAN_3	ctg14052	74	CuA	?	CuA_present_no_CuZ	97.3	2.0e-25
CAN_2::ctg18157_10	CAN_2	ctg18157	86	noCuA	DXHH	C-NosZ_cladeI_II	96.0	4.9e-25
coasm::ctg37832_23	coasm	ctg37832	159	noCuA	?	no_CuA	92.2	7.2e-24
CAN_3::ctg3861_4	CAN_3	ctg3861	156	noCuA	?	no_CuA	91.8	9.4e-24
coasm::ctg15030_24	coasm	ctg15030	95	noCuA	?	no_CuA	90.4	2.6e-23
CAN_3::ctg14668_20	CAN_3	ctg14668	78	noCuA	?	no_CuA	85.6	7.1e-22
CAN_2::ctg7033_1	CAN_2	ctg7033	86	noCuA	?	no_CuA	83.7	2.7e-21
CAN_4::ctg4730_11	CAN_4	ctg4730	48	CuA	?	CuA_present_no_CuZ	81.9	9.1e-21
CAN_4::ctg18936_9	CAN_4	ctg18936	137	noCuA	?	no_CuA	78.9	7.3e-20
coasm::ctg7987_10	coasm	ctg7987	137	noCuA	?	no_CuA	78.9	7.3e-20
coasm::ctg51102_1	coasm	ctg51102	43	CuA	?	CuA_present_no_CuZ	75.3	9.2e-19
CAN_3::ctg14491_870	CAN_3	ctg14491	810	noCuA	DXHH	C-NosZ_cladeI_II	72.4	6.8e-18
CAN_4::ctg12344_275	CAN_4	ctg12344	810	noCuA	DXHH	C-NosZ_cladeI_II	72.4	6.9e-18
CAN_5::ctg6773_169	CAN_5	ctg6773	810	noCuA	DXHH	C-NosZ_cladeI_II	72.4	6.9e-18
coasm::ctg53699_49	coasm	ctg53699	810	noCuA	DXHH	C-NosZ_cladeI_II	72.4	6.9e-18
CAN_1::ctg3720_2153	CAN_1	ctg3720	810	noCuA	DXHH	C-NosZ_cladeI_II	72.1	8.4e-18
CAN_4::ctg14939_51	CAN_4	ctg14939	165	noCuA	?	no_CuA	72.1	8.5e-18
coasm::ctg35497_51	coasm	ctg35497	165	noCuA	?	no_CuA	72.1	8.5e-18
CAN_4::ctg3549_9	CAN_4	ctg3549	140	noCuA	?	no_CuA	72.0	9.3e-18
coasm::ctg22512_35	coasm	ctg22512	140	noCuA	?	no_CuA	72.0	9.3e-18
CAN_5::ctg7149_4	CAN_5	ctg7149	75	noCuA	?	no_CuA	71.3	1.5e-17
coasm::ctg40837_4	coasm	ctg40837	75	noCuA	?	no_CuA	71.3	1.5e-17
CAN_4::ctg7612_2970	CAN_4	ctg7612	158	noCuA	?	no_CuA	71.2	1.6e-17
CAN_5::ctg12443_760	CAN_5	ctg12443	158	noCuA	?	no_CuA	71.2	1.6e-17
coasm::ctg39344_3248	coasm	ctg39344	158	noCuA	?	no_CuA	71.2	1.6e-17
CAN_4::ctg14750_16	CAN_4	ctg14750	150	noCuA	?	no_CuA	71.0	1.9e-17
coasm::ctg52026_2	coasm	ctg52026	150	noCuA	?	no_CuA	71.0	1.9e-17
coasm::ctg28088_16	coasm	ctg28088	155	noCuA	?	no_CuA	70.6	2.4e-17
CAN_1::ctg3720_4641	CAN_1	ctg3720	158	noCuA	?	no_CuA	70.2	3.3e-17
CAN_2::ctg8053_3996	CAN_2	ctg8053	158	noCuA	?	no_CuA	70.2	3.3e-17
CAN_3::ctg14491_3952	CAN_3	ctg14491	158	noCuA	?	no_CuA	70.2	3.3e-17
CAN_4::ctg17557_338	CAN_4	ctg17557	158	noCuA	?	no_CuA	70.2	3.3e-17
coasm::ctg53699_2537	coasm	ctg53699	158	noCuA	?	no_CuA	70.2	3.3e-17
CAN_2::ctg8053_1492	CAN_2	ctg8053	743	noCuA	DXHH	C-NosZ_cladeI_II	70.1	3.4e-17
coasm::ctg39306_19	coasm	ctg39306	95	noCuA	?	no_CuA	69.5	5.3e-17
coasm::ctg55119_21	coasm	ctg55119	349	noCuA	?	no_CuA	69.3	6.3e-17
CAN_3::ctg19867_25	CAN_3	ctg19867	349	noCuA	?	no_CuA	69.2	6.4e-17
CAN_5::ctg13529_19	CAN_5	ctg13529	145	noCuA	?	no_CuA	69.1	6.9e-17
coasm::ctg54801_19	coasm	ctg54801	145	noCuA	?	no_CuA	69.1	6.9e-17
coasm::ctg50187_15	coasm	ctg50187	156	noCuA	?	no_CuA	68.7	9.1e-17
CAN_4::ctg454_55	CAN_4	ctg454	157	noCuA	?	no_CuA	67.5	2.1e-16
coasm::ctg46719_834	coasm	ctg46719	157	noCuA	?	no_CuA	67.5	2.1e-16
CAN_4::ctg20095_11	CAN_4	ctg20095	159	noCuA	?	no_CuA	67.2	2.7e-16
coasm::ctg50635_7	coasm	ctg50635	159	noCuA	?	no_CuA	67.2	2.7e-16
CAN_1::ctg6342_23	CAN_1	ctg6342	86	noCuA	?	no_CuA	67.1	2.8e-16
CAN_5::ctg10046_137	CAN_5	ctg10046	149	noCuA	?	no_CuA	67.0	3.1e-16
CAN_4::ctg20795_1781	CAN_4	ctg20795	160	noCuA	?	no_CuA	66.7	3.7e-16
coasm::ctg13177_8773	coasm	ctg13177	160	noCuA	?	no_CuA	66.7	3.7e-16
CAN_4::ctg635_415	CAN_4	ctg635	159	noCuA	?	no_CuA	66.7	3.8e-16
coasm::ctg50037_96	coasm	ctg50037	159	noCuA	?	no_CuA	66.7	3.8e-16
CAN_1::ctg4284_173	CAN_1	ctg4284	161	noCuA	?	no_CuA	66.4	4.5e-16
CAN_2::ctg6406_173	CAN_2	ctg6406	161	noCuA	?	no_CuA	66.4	4.5e-16
CAN_3::ctg16098_177	CAN_3	ctg16098	161	noCuA	?	no_CuA	66.4	4.5e-16
CAN_4::ctg19545_3653	CAN_4	ctg19545	161	noCuA	?	no_CuA	66.4	4.5e-16
CAN_5::ctg326_173	CAN_5	ctg326	161	noCuA	?	no_CuA	66.4	4.5e-16
coasm::ctg35157_173	coasm	ctg35157	161	noCuA	?	no_CuA	66.4	4.5e-16
CAN_2::ctg17904_6	CAN_2	ctg17904	814	noCuA	?	no_CuA	66.0	6.3e-16
CAN_4::ctg20339_11	CAN_4	ctg20339	814	noCuA	?	no_CuA	66.0	6.3e-16
CAN_4::ctg531_263	CAN_4	ctg531	816	noCuA	?	no_CuA	65.9	6.7e-16
coasm::ctg180_3	coasm	ctg180	816	noCuA	?	no_CuA	65.9	6.7e-16
CAN_3::ctg8287_58	CAN_3	ctg8287	814	noCuA	?	no_CuA	65.7	7.6e-16
coasm::ctg19767_107	coasm	ctg19767	814	noCuA	?	no_CuA	65.7	7.6e-16
CAN_2::ctg15378_75	CAN_2	ctg15378	96	noCuA	?	no_CuA	65.6	7.8e-16
CAN_4::ctg9163_16	CAN_4	ctg9163	148	noCuA	?	no_CuA	65.4	9.1e-16
coasm::ctg42386_36	coasm	ctg42386	148	noCuA	?	no_CuA	65.4	9.1e-16
coasm::ctg24215_350	coasm	ctg24215	816	noCuA	?	no_CuA	65.3	1.0e-15
CAN_4::ctg7612_2513	CAN_4	ctg7612	142	noCuA	?	no_CuA	65.0	1.2e-15
CAN_5::ctg12443_1212	CAN_5	ctg12443	142	noCuA	?	no_CuA	65.0	1.2e-15
coasm::ctg39344_3698	coasm	ctg39344	142	noCuA	?	no_CuA	65.0	1.2e-15
coasm::ctg33234_25	coasm	ctg33234	157	noCuA	?	no_CuA	64.8	1.4e-15
CAN_5::ctg13897_59	CAN_5	ctg13897	154	noCuA	?	no_CuA	64.8	1.4e-15
coasm::ctg37778_482	coasm	ctg37778	154	noCuA	?	no_CuA	64.8	1.4e-15
coasm::ctg47386_29	coasm	ctg47386	166	noCuA	?	no_CuA	64.7	1.5e-15
CAN_4::ctg17521_827	CAN_4	ctg17521	157	noCuA	?	no_CuA	64.3	1.9e-15
CAN_5::ctg9973_3227	CAN_5	ctg9973	157	noCuA	?	no_CuA	64.3	1.9e-15
coasm::ctg29008_1591	coasm	ctg29008	157	noCuA	?	no_CuA	64.3	1.9e-15
coasm::ctg44350_10	coasm	ctg44350	316	noCuA	?	no_CuA	64.0	2.5e-15
CAN_1::ctg17974_5	CAN_1	ctg17974	317	noCuA	?	no_CuA	63.8	2.9e-15
CAN_2::ctg4287_17	CAN_2	ctg4287	317	noCuA	?	no_CuA	63.8	2.9e-15
CAN_3::ctg26190_13	CAN_3	ctg26190	317	noCuA	?	no_CuA	63.8	2.9e-15
coasm::ctg13821_12	coasm	ctg13821	317	noCuA	?	no_CuA	63.8	2.9e-15
CAN_5::ctg9140_5	CAN_5	ctg9140	34	CuA	?	CuA_present_no_CuZ	63.3	3.9e-15
CAN_4::ctg261_21	CAN_4	ctg261	49	noCuA	?	no_CuA	63.2	4.2e-15
coasm::ctg10420_21	coasm	ctg10420	49	noCuA	?	no_CuA	63.2	4.2e-15
CAN_3::ctg20441_29	CAN_3	ctg20441	275	noCuA	?	no_CuA	62.9	5.4e-15
CAN_1::ctg21359_13	CAN_1	ctg21359	70	CuA	?	CuA_present_no_CuZ	62.4	7.3e-15
CAN_1::ctg20485_16	CAN_1	ctg20485	121	noCuA	?	no_CuA	62.1	9.3e-15
CAN_4::ctg7612_3279	CAN_4	ctg7612	159	noCuA	?	no_CuA	62.1	9.5e-15
CAN_5::ctg12443_459	CAN_5	ctg12443	159	noCuA	?	no_CuA	62.1	9.5e-15
coasm::ctg39344_2945	coasm	ctg39344	159	noCuA	?	no_CuA	62.1	9.5e-15
coasm::ctg11600_2	coasm	ctg11600	840	noCuA	DXHH	C-NosZ_cladeI_II	61.9	1.0e-14
coasm::ctg49208_9	coasm	ctg49208	222	noCuA	?	no_CuA	61.6	1.3e-14
CAN_1::ctg17640_12	CAN_1	ctg17640	166	noCuA	?	no_CuA	61.2	1.8e-14
CAN_3::ctg2193_15	CAN_3	ctg2193	166	noCuA	?	no_CuA	61.2	1.8e-14
CAN_5::ctg15852_114	CAN_5	ctg15852	166	noCuA	?	no_CuA	61.2	1.8e-14
coasm::ctg2818_3300	coasm	ctg2818	166	noCuA	?	no_CuA	61.2	1.8e-14
CAN_1::ctg6788_27	CAN_1	ctg6788	354	noCuA	?	no_CuA	60.8	2.3e-14
CAN_4::ctg13424_3	CAN_4	ctg13424	357	noCuA	?	no_CuA	60.7	2.4e-14
coasm::ctg47455_11	coasm	ctg47455	169	noCuA	?	no_CuA	60.7	2.5e-14
CAN_4::ctg925_7	CAN_4	ctg925	166	noCuA	?	no_CuA	60.6	2.7e-14
coasm::ctg52712_10	coasm	ctg52712	157	noCuA	?	no_CuA	60.4	3.1e-14
CAN_5::ctg17138_5	CAN_5	ctg17138	189	noCuA	?	no_CuA	60.3	3.2e-14
CAN_5::ctg10046_110	CAN_5	ctg10046	365	noCuA	?	no_CuA	59.9	4.2e-14
CAN_2::ctg2547_37	CAN_2	ctg2547	329	noCuA	?	no_CuA	59.8	4.7e-14
CAN_3::ctg10451_28	CAN_3	ctg10451	329	noCuA	?	no_CuA	59.8	4.7e-14
CAN_4::ctg20795_1809	CAN_4	ctg20795	371	noCuA	?	no_CuA	59.8	4.7e-14
coasm::ctg13177_8800	coasm	ctg13177	371	noCuA	?	no_CuA	59.8	4.7e-14
coasm::ctg12371_1	coasm	ctg12371	313	noCuA	?	no_CuA	59.4	6.2e-14
coasm::ctg24610_9	coasm	ctg24610	317	noCuA	?	no_CuA	59.2	7.1e-14
CAN_3::ctg2985_491	CAN_3	ctg2985	315	noCuA	?	no_CuA	59.1	7.7e-14
coasm::ctg24439_18	coasm	ctg24439	315	noCuA	?	no_CuA	59.1	7.7e-14
CAN_1::ctg4116_14	CAN_1	ctg4116	315	noCuA	?	no_CuA	58.5	1.1e-13
CAN_2::ctg11952_14	CAN_2	ctg11952	315	noCuA	?	no_CuA	58.5	1.1e-13
CAN_2::ctg440_9	CAN_2	ctg440	315	noCuA	?	no_CuA	58.5	1.1e-13
coasm::ctg47962_869	coasm	ctg47962	315	noCuA	?	no_CuA	58.5	1.1e-13
CAN_1::ctg23123_2	CAN_1	ctg23123	329	noCuA	?	no_CuA	58.5	1.1e-13
coasm::ctg3726_34	coasm	ctg3726	329	noCuA	?	no_CuA	58.5	1.1e-13
coasm::ctg55340_22	coasm	ctg55340	315	noCuA	?	no_CuA	58.3	1.3e-13
coasm::ctg50187_33	coasm	ctg50187	400	noCuA	DXHH	C-NosZ_cladeI_II	57.7	2.0e-13
CAN_1::ctg12952_119	CAN_1	ctg12952	153	noCuA	?	no_CuA	57.5	2.3e-13
CAN_2::ctg15322_6	CAN_2	ctg15322	153	noCuA	?	no_CuA	57.5	2.3e-13
CAN_3::ctg20504_175	CAN_3	ctg20504	153	noCuA	?	no_CuA	57.5	2.3e-13
coasm::ctg23016_2231	coasm	ctg23016	153	noCuA	?	no_CuA	57.5	2.3e-13
CAN_4::ctg1726_30	CAN_4	ctg1726	166	noCuA	?	no_CuA	57.3	2.6e-13
CAN_5::ctg8546_2	CAN_5	ctg8546	166	noCuA	?	no_CuA	57.3	2.6e-13
coasm::ctg30738_14	coasm	ctg30738	166	noCuA	?	no_CuA	57.3	2.6e-13
CAN_1::ctg6209_83	CAN_1	ctg6209	153	noCuA	?	no_CuA	57.1	2.9e-13
CAN_2::ctg16989_392	CAN_2	ctg16989	153	noCuA	?	no_CuA	57.1	2.9e-13
CAN_3::ctg2450_49	CAN_3	ctg2450	153	noCuA	?	no_CuA	57.1	2.9e-13
coasm::ctg10363_2956	coasm	ctg10363	153	noCuA	?	no_CuA	57.1	2.9e-13
coasm::ctg26883_92	coasm	ctg26883	207	noCuA	?	no_CuA	57.0	3.1e-13
coasm::ctg4990_10	coasm	ctg4990	167	noCuA	?	no_CuA	56.8	3.6e-13
CAN_2::ctg19478_79	CAN_2	ctg19478	350	noCuA	?	no_CuA	56.8	3.7e-13
CAN_3::ctg3922_37	CAN_3	ctg3922	350	noCuA	?	no_CuA	56.8	3.7e-13
coasm::ctg26855_397	coasm	ctg26855	350	noCuA	?	no_CuA	56.8	3.7e-13
CAN_5::ctg6427_10	CAN_5	ctg6427	157	noCuA	?	no_CuA	56.8	3.8e-13
coasm::ctg11873_58	coasm	ctg11873	157	noCuA	?	no_CuA	56.8	3.8e-13
CAN_4::ctg9561_17	CAN_4	ctg9561	328	noCuA	?	no_CuA	56.6	4.1e-13
CAN_5::ctg10225_65	CAN_5	ctg10225	328	noCuA	?	no_CuA	56.6	4.1e-13
coasm::ctg44442_505	coasm	ctg44442	328	noCuA	?	no_CuA	56.6	4.1e-13
coasm::ctg5755_9	coasm	ctg5755	151	noCuA	?	no_CuA	56.5	4.4e-13
CAN_1::ctg19464_9	CAN_1	ctg19464	104	noCuA	?	no_CuA	56.4	5.1e-13
CAN_1::ctg21883_10	CAN_1	ctg21883	350	noCuA	?	no_CuA	55.8	7.6e-13
CAN_4::ctg5128_20	CAN_4	ctg5128	424	noCuA	?	no_CuA	55.5	9.4e-13
CAN_5::ctg16533_9	CAN_5	ctg16533	424	noCuA	?	no_CuA	55.5	9.4e-13
coasm::ctg14311_14	coasm	ctg14311	424	noCuA	?	no_CuA	55.5	9.4e-13
CAN_3::ctg24492_11	CAN_3	ctg24492	1336	noCuA	?	no_CuA	55.4	9.5e-13
coasm::ctg52479_6	coasm	ctg52479	1920	noCuA	?	no_CuA	55.2	1.1e-12
CAN_5::ctg11880_325	CAN_5	ctg11880	164	noCuA	?	no_CuA	55.2	1.1e-12
CAN_4::ctg11515_39	CAN_4	ctg11515	171	noCuA	?	no_CuA	55.1	1.2e-12
coasm::ctg39890_36	coasm	ctg39890	171	noCuA	?	no_CuA	55.1	1.2e-12
CAN_1::ctg1566_5	CAN_1	ctg1566	317	noCuA	?	no_CuA	55.1	1.2e-12
CAN_4::ctg17521_829	CAN_4	ctg17521	375	noCuA	?	no_CuA	54.8	1.5e-12
CAN_5::ctg9973_3229	CAN_5	ctg9973	375	noCuA	?	no_CuA	54.8	1.5e-12
coasm::ctg29008_1593	coasm	ctg29008	375	noCuA	?	no_CuA	54.8	1.5e-12
CAN_2::ctg14266_32	CAN_2	ctg14266	317	noCuA	?	no_CuA	54.6	1.7e-12
CAN_4::ctg16867_12	CAN_4	ctg16867	266	noCuA	?	no_CuA	54.6	1.7e-12
CAN_5::ctg99_2	CAN_5	ctg99	166	noCuA	?	no_CuA	54.6	1.7e-12
coasm::ctg511_60	coasm	ctg511	166	noCuA	?	no_CuA	54.6	1.7e-12
coasm::ctg26084_11	coasm	ctg26084	424	noCuA	?	no_CuA	54.5	1.8e-12
coasm::ctg42079_60	coasm	ctg42079	102	noCuA	?	no_CuA	54.2	2.3e-12
CAN_3::ctg23023_22	CAN_3	ctg23023	129	noCuA	?	no_CuA	54.1	2.5e-12
CAN_3::ctg23558_5	CAN_3	ctg23558	317	noCuA	?	no_CuA	54.0	2.6e-12
coasm::ctg30933_5	coasm	ctg30933	317	noCuA	?	no_CuA	54.0	2.6e-12
coasm::ctg25244_3	coasm	ctg25244	787	noCuA	?	no_CuA	53.9	2.7e-12
CAN_1::ctg15067_8	CAN_1	ctg15067	126	noCuA	?	no_CuA	53.5	3.6e-12
coasm::ctg33796_8	coasm	ctg33796	126	noCuA	?	no_CuA	53.5	3.6e-12
CAN_4::ctg21316_24	CAN_4	ctg21316	233	noCuA	?	no_CuA	53.5	3.8e-12
coasm::ctg30824_10	coasm	ctg30824	168	noCuA	?	no_CuA	52.7	6.3e-12
CAN_2::ctg5798_5	CAN_2	ctg5798	394	noCuA	?	no_CuA	52.6	7.1e-12
CAN_3::ctg23784_59	CAN_3	ctg23784	394	noCuA	?	no_CuA	52.6	7.1e-12
CAN_4::ctg1973_52	CAN_4	ctg1973	394	noCuA	?	no_CuA	52.6	7.1e-12
coasm::ctg18443_51	coasm	ctg18443	394	noCuA	?	no_CuA	52.6	7.1e-12
CAN_3::ctg26997_10	CAN_3	ctg26997	588	noCuA	?	no_CuA	52.3	8.4e-12
CAN_2::ctg821_13	CAN_2	ctg821	316	noCuA	?	no_CuA	52.1	9.5e-12
coasm::ctg30219_2205	coasm	ctg30219	316	noCuA	?	no_CuA	52.1	9.5e-12
CAN_2::ctg12451_2	CAN_2	ctg12451	180	noCuA	?	no_CuA	52.1	9.6e-12
CAN_3::ctg13723_21	CAN_3	ctg13723	180	noCuA	?	no_CuA	52.1	9.6e-12
coasm::ctg9822_40	coasm	ctg9822	180	noCuA	?	no_CuA	52.1	9.6e-12
coasm::ctg39811_407	coasm	ctg39811	2344	noCuA	?	no_CuA	51.9	1.1e-11
CAN_3::ctg14964_313	CAN_3	ctg14964	334	noCuA	?	no_CuA	51.4	1.6e-11
coasm::ctg47883_1528	coasm	ctg47883	334	noCuA	?	no_CuA	51.4	1.6e-11
CAN_4::ctg22437_307	CAN_4	ctg22437	2554	noCuA	?	no_CuA	51.3	1.7e-11
CAN_4::ctg15242_6	CAN_4	ctg15242	375	noCuA	?	no_CuA	50.8	2.4e-11
coasm::ctg52545_6	coasm	ctg52545	375	noCuA	?	no_CuA	50.8	2.4e-11
CAN_4::ctg7612_2576	CAN_4	ctg7612	380	noCuA	?	no_CuA	50.7	2.6e-11
CAN_5::ctg12443_1151	CAN_5	ctg12443	380	noCuA	?	no_CuA	50.7	2.6e-11
coasm::ctg39344_3637	coasm	ctg39344	380	noCuA	?	no_CuA	50.7	2.6e-11
CAN_4::ctg3902_35	CAN_4	ctg3902	166	noCuA	?	no_CuA	50.7	2.6e-11
coasm::ctg2946_212	coasm	ctg2946	166	noCuA	?	no_CuA	50.7	2.6e-11
CAN_2::ctg15207_8	CAN_2	ctg15207	334	noCuA	?	no_CuA	50.7	2.7e-11
CAN_4::ctg7585_12	CAN_4	ctg7585	385	noCuA	?	no_CuA	50.5	3.0e-11
coasm::ctg14044_27	coasm	ctg14044	385	noCuA	?	no_CuA	50.5	3.0e-11
CAN_1::ctg19529_62	CAN_1	ctg19529	334	noCuA	?	no_CuA	50.4	3.2e-11
coasm::ctg44829_4	coasm	ctg44829	167	noCuA	?	no_CuA	50.3	3.4e-11
coasm::ctg28364_75	coasm	ctg28364	334	noCuA	?	no_CuA	50.3	3.5e-11
coasm::ctg37272_11	coasm	ctg37272	565	noCuA	?	no_CuA	49.8	5.0e-11
CAN_1::ctg417_46	CAN_1	ctg417	419	noCuA	?	no_CuA	49.3	6.8e-11
CAN_2::ctg14830_45	CAN_2	ctg14830	419	noCuA	?	no_CuA	49.3	6.8e-11
CAN_3::ctg2595_45	CAN_3	ctg2595	419	noCuA	?	no_CuA	49.3	6.8e-11
CAN_4::ctg22796_48	CAN_4	ctg22796	419	noCuA	?	no_CuA	49.3	6.8e-11
CAN_5::ctg11418_45	CAN_5	ctg11418	419	noCuA	?	no_CuA	49.3	6.8e-11
coasm::ctg48224_50	coasm	ctg48224	419	noCuA	?	no_CuA	49.3	6.8e-11
CAN_4::ctg17622_81	CAN_4	ctg17622	512	noCuA	?	no_CuA	49.3	6.9e-11
CAN_5::ctg7345_26	CAN_5	ctg7345	512	noCuA	?	no_CuA	49.3	6.9e-11
coasm::ctg17755_353	coasm	ctg17755	512	noCuA	?	no_CuA	49.3	6.9e-11
CAN_2::ctg18663_4	CAN_2	ctg18663	313	noCuA	?	no_CuA	49.2	7.4e-11
coasm::ctg54376_16	coasm	ctg54376	313	noCuA	?	no_CuA	49.2	7.4e-11
CAN_4::ctg12348_51	CAN_4	ctg12348	168	noCuA	?	no_CuA	49.2	7.6e-11
coasm::ctg8933_412	coasm	ctg8933	168	noCuA	?	no_CuA	49.2	7.6e-11
CAN_4::ctg1600_261	CAN_4	ctg1600	171	noCuA	?	no_CuA	49.0	8.4e-11
CAN_5::ctg9973_508	CAN_5	ctg9973	171	noCuA	?	no_CuA	49.0	8.4e-11
coasm::ctg12377_46	coasm	ctg12377	171	noCuA	?	no_CuA	49.0	8.4e-11
coasm::ctg43425_567	coasm	ctg43425	171	noCuA	?	no_CuA	49.0	8.4e-11
coasm::ctg43234_7	coasm	ctg43234	331	noCuA	?	no_CuA	48.9	9.0e-11
coasm::ctg5750_9	coasm	ctg5750	513	noCuA	DXHH	C-NosZ_cladeI_II	48.8	9.9e-11
