organism,module,peak_phase,in_prev_top10,panel,vector,vector_main_phase,projection,cosine,abs_CAP,proj_rank,is_best_driver
Thauera,M1,I,True,environment,Acetate,I,0.5099,0.7988,0.6384,1,False
Gemmobacter,M1,I,True,environment,Acetate,I,0.5093,0.854,0.5963,2,False
Cloacibacterium,M1,I,True,environment,Acetate,I,0.4871,0.806,0.6044,3,False
Zoogloea,M1,I,True,environment,Acetate,I,0.4447,0.7964,0.5584,4,False
Sediminibacterium,M1,I,True,environment,Acetate,I,0.4393,0.7676,0.5723,5,False
Pseudoxanthomonas,M1,I,True,environment,Acetate,I,0.4164,0.8995,0.4629,6,False
Ca_Competibacter,M2,II,True,environment,Acetate,I,0.3164,0.9967,0.3174,7,True
Azospira,M2,II,True,environment,Acetate,I,0.2783,0.9996,0.2785,8,True
Denitratisoma,M2,III,True,environment,Acetate,I,0.1813,0.7375,0.2458,9,False
Dokdonella,M2,IV,True,environment,Acetate,I,0.125,0.9537,0.1311,10,False
Hydrogenophaga,M2,III,True,environment,Acetate,I,0.0935,0.9825,0.0952,11,False
Aeromonas,M2,III,True,environment,Acetate,I,-0.0542,-0.878,0.0617,12,False
Lysobacter,M3,IV,True,environment,Acetate,I,-0.183,-0.532,0.3439,13,False
Holophagae,M3,V,True,environment,Acetate,I,-0.2302,-1.0,0.2302,14,False
Ignavibacteria,M3,IV,True,environment,Acetate,I,-0.2643,-0.5957,0.4437,15,False
Ca_Caldilinea,M3,IV,True,environment,Acetate,I,-0.373,-0.8502,0.4387,16,False
Rhodothermaceae,M3,V,True,environment,Acetate,I,-0.4177,-0.9586,0.4358,17,False
Rhizobiales,M3,V,True,environment,Acetate,I,-0.4274,-0.9928,0.4305,18,False
Ca_Leptovillus,M3,IV,True,environment,Acetate,I,-0.431,-0.8003,0.5386,19,False
Ca_Accumulibacter,M3,V,True,environment,Acetate,I,-0.4453,-0.8655,0.5146,20,False
alphaI_cluster,M3,V,True,environment,Acetate,I,-0.4747,-0.9897,0.4797,21,False
Ca_Sarcinithrix,M3,V,True,environment,Acetate,I,-0.4921,-0.9603,0.5125,22,False
Rhodoplanes,M3,V,True,environment,Acetate,I,-0.508,-0.9616,0.5283,23,False
Gemmobacter,M1,I,True,environment,C/N,II,0.313,0.5249,0.5963,1,False
Ca_Competibacter,M2,II,True,environment,C/N,II,0.2936,0.925,0.3174,2,False
Thauera,M1,I,True,environment,C/N,II,0.28,0.4387,0.6384,3,False
Pseudoxanthomonas,M1,I,True,environment,C/N,II,0.2792,0.6032,0.4629,4,False
Cloacibacterium,M1,I,True,environment,C/N,II,0.2717,0.4495,0.6044,5,False
Azospira,M2,II,True,environment,C/N,II,0.2515,0.9032,0.2785,6,False
Zoogloea,M1,I,True,environment,C/N,II,0.243,0.4352,0.5584,7,False
Denitratisoma,M2,III,True,environment,C/N,II,0.2369,0.9637,0.2458,8,True
Sediminibacterium,M1,I,True,environment,C/N,II,0.225,0.3931,0.5723,9,False
Dokdonella,M2,IV,True,environment,C/N,II,0.1293,0.9863,0.1311,10,True
Hydrogenophaga,M2,III,True,environment,C/N,II,0.0753,0.791,0.0952,11,False
Lysobacter,M3,IV,True,environment,C/N,II,-0.0309,-0.0897,0.3439,12,False
Aeromonas,M2,III,True,environment,C/N,II,-0.0349,-0.565,0.0617,13,False
Ignavibacteria,M3,IV,True,environment,C/N,II,-0.0738,-0.1663,0.4437,14,False
Holophagae,M3,V,True,environment,C/N,II,-0.2051,-0.8912,0.2302,15,False
Ca_Caldilinea,M3,IV,True,environment,C/N,II,-0.2275,-0.5186,0.4387,16,False
Ca_Leptovillus,M3,IV,True,environment,C/N,II,-0.2375,-0.4409,0.5386,17,False
Ca_Accumulibacter,M3,V,True,environment,C/N,II,-0.2798,-0.5438,0.5146,18,False
Rhodothermaceae,M3,V,True,environment,C/N,II,-0.3159,-0.725,0.4358,19,False
Rhizobiales,M3,V,True,environment,C/N,II,-0.3574,-0.8302,0.4305,20,False
Ca_Sarcinithrix,M3,V,True,environment,C/N,II,-0.3736,-0.729,0.5125,21,False
Rhodoplanes,M3,V,True,environment,C/N,II,-0.3868,-0.7322,0.5283,22,False
alphaI_cluster,M3,V,True,environment,C/N,II,-0.3918,-0.8169,0.4797,23,False
Thauera,M1,I,True,environment,DO avg,I,0.6243,0.9781,0.6384,1,False
Cloacibacterium,M1,I,True,environment,DO avg,I,0.5895,0.9755,0.6044,2,False
Gemmobacter,M1,I,True,environment,DO avg,I,0.5682,0.9529,0.5963,3,False
Sediminibacterium,M1,I,True,environment,DO avg,I,0.565,0.9873,0.5723,4,False
Zoogloea,M1,I,True,environment,DO avg,I,0.5466,0.9789,0.5584,5,False
Pseudoxanthomonas,M1,I,True,environment,DO avg,I,0.4258,0.9198,0.4629,6,False
Ca_Competibacter,M2,II,True,environment,DO avg,I,0.1881,0.5925,0.3174,7,False
Azospira,M2,II,True,environment,DO avg,I,0.1768,0.6349,0.2785,8,False
Hydrogenophaga,M2,III,True,environment,DO avg,I,0.0747,0.785,0.0952,9,False
Dokdonella,M2,IV,True,environment,DO avg,I,0.0523,0.3987,0.1311,10,False
Denitratisoma,M2,III,True,environment,DO avg,I,-0.0064,-0.026,0.2458,11,False
Aeromonas,M2,III,True,environment,DO avg,I,-0.0579,-0.9372,0.0617,12,False
Holophagae,M3,V,True,environment,DO avg,I,-0.1509,-0.6558,0.2302,13,False
Rhizobiales,M3,V,True,environment,DO avg,I,-0.3193,-0.7417,0.4305,14,False
Lysobacter,M3,IV,True,environment,DO avg,I,-0.3398,-0.9881,0.3439,15,False
alphaI_cluster,M3,V,True,environment,DO avg,I,-0.3632,-0.7573,0.4797,16,False
Rhodothermaceae,M3,V,True,environment,DO avg,I,-0.3676,-0.8436,0.4358,17,False
Ca_Caldilinea,M3,IV,True,environment,DO avg,I,-0.419,-0.9551,0.4387,18,False
Ca_Sarcinithrix,M3,V,True,environment,DO avg,I,-0.4307,-0.8405,0.5125,19,False
Ignavibacteria,M3,IV,True,environment,DO avg,I,-0.4423,-0.997,0.4437,20,False
Rhodoplanes,M3,V,True,environment,DO avg,I,-0.4427,-0.838,0.5283,21,False
Ca_Accumulibacter,M3,V,True,environment,DO avg,I,-0.4867,-0.9458,0.5146,22,False
Ca_Leptovillus,M3,IV,True,environment,DO avg,I,-0.5265,-0.9776,0.5386,23,False
Ca_Leptovillus,M3,IV,True,environment,N/P,IV,0.4726,0.8773,0.5386,1,True
Ignavibacteria,M3,IV,True,environment,N/P,IV,0.4338,0.9778,0.4437,2,True
Ca_Accumulibacter,M3,V,True,environment,N/P,IV,0.4191,0.8145,0.5146,3,False
Ca_Caldilinea,M3,IV,True,environment,N/P,IV,0.3648,0.8314,0.4387,4,False
Rhodoplanes,M3,V,True,environment,N/P,IV,0.3425,0.6483,0.5283,5,False
Lysobacter,M3,IV,True,environment,N/P,IV,0.3409,0.9911,0.3439,6,True
Ca_Sarcinithrix,M3,V,True,environment,N/P,IV,0.334,0.6518,0.5125,7,False
Rhodothermaceae,M3,V,True,environment,N/P,IV,0.286,0.6562,0.4358,8,False
alphaI_cluster,M3,V,True,environment,N/P,IV,0.2592,0.5404,0.4797,9,False
Rhizobiales,M3,V,True,environment,N/P,IV,0.2241,0.5205,0.4305,10,False
Holophagae,M3,V,True,environment,N/P,IV,0.0953,0.4141,0.2302,11,False
Denitratisoma,M2,III,True,environment,N/P,IV,0.076,0.309,0.2458,12,False
Aeromonas,M2,III,True,environment,N/P,IV,0.0494,0.7995,0.0617,13,False
Dokdonella,M2,IV,True,environment,N/P,IV,-0.0159,-0.1215,0.1311,14,False
Hydrogenophaga,M2,III,True,environment,N/P,IV,-0.0549,-0.5765,0.0952,15,False
Ca_Competibacter,M2,II,True,environment,N/P,IV,-0.1076,-0.3391,0.3174,16,False
Azospira,M2,II,True,environment,N/P,IV,-0.1083,-0.3891,0.2785,17,False
Pseudoxanthomonas,M1,I,True,environment,N/P,IV,-0.3566,-0.7703,0.4629,18,False
Zoogloea,M1,I,True,environment,N/P,IV,-0.4916,-0.8804,0.5584,19,False
Gemmobacter,M1,I,True,environment,N/P,IV,-0.4933,-0.8273,0.5963,20,False
Sediminibacterium,M1,I,True,environment,N/P,IV,-0.5158,-0.9014,0.5723,21,False
Cloacibacterium,M1,I,True,environment,N/P,IV,-0.5274,-0.8727,0.6044,22,False
Thauera,M1,I,True,environment,N/P,IV,-0.5608,-0.8785,0.6384,23,False
Thauera,M1,I,True,environment,N_Ax-2,I,0.6127,0.9598,0.6384,1,False
Gemmobacter,M1,I,True,environment,N_Ax-2,I,0.586,0.9827,0.5963,2,False
Cloacibacterium,M1,I,True,environment,N_Ax-2,I,0.5821,0.9631,0.6044,3,False
Sediminibacterium,M1,I,True,environment,N_Ax-2,I,0.5405,0.9445,0.5723,4,False
Zoogloea,M1,I,True,environment,N_Ax-2,I,0.5353,0.9587,0.5584,5,False
Pseudoxanthomonas,M1,I,True,environment,N_Ax-2,I,0.461,0.9959,0.4629,6,True
Ca_Competibacter,M2,II,True,environment,N_Ax-2,I,0.2869,0.9038,0.3174,7,False
Azospira,M2,II,True,environment,N_Ax-2,I,0.2577,0.9254,0.2785,8,False
Denitratisoma,M2,III,True,environment,N_Ax-2,I,0.111,0.4515,0.2458,9,False
Dokdonella,M2,IV,True,environment,N_Ax-2,I,0.103,0.7861,0.1311,10,False
Hydrogenophaga,M2,III,True,environment,N_Ax-2,I,0.0938,0.985,0.0952,11,True
Aeromonas,M2,III,True,environment,N_Ax-2,I,-0.0611,-0.9905,0.0617,12,False
Holophagae,M3,V,True,environment,N_Ax-2,I,-0.2153,-0.9355,0.2302,13,False
Lysobacter,M3,IV,True,environment,N_Ax-2,I,-0.274,-0.7968,0.3439,14,False
Ignavibacteria,M3,IV,True,environment,N_Ax-2,I,-0.3731,-0.841,0.4437,15,False
Rhizobiales,M3,V,True,environment,N_Ax-2,I,-0.4181,-0.9711,0.4305,16,False
Ca_Caldilinea,M3,IV,True,environment,N_Ax-2,I,-0.4306,-0.9813,0.4387,17,False
Rhodothermaceae,M3,V,True,environment,N_Ax-2,I,-0.4346,-0.9974,0.4358,18,False
alphaI_cluster,M3,V,True,environment,N_Ax-2,I,-0.4684,-0.9765,0.4797,19,False
Ca_Accumulibacter,M3,V,True,environment,N_Ax-2,I,-0.5077,-0.9866,0.5146,20,False
Ca_Sarcinithrix,M3,V,True,environment,N_Ax-2,I,-0.5109,-0.9969,0.5125,21,False
Ca_Leptovillus,M3,IV,True,environment,N_Ax-2,I,-0.5173,-0.9605,0.5386,22,False
Rhodoplanes,M3,V,True,environment,N_Ax-2,I,-0.5265,-0.9966,0.5283,23,False
Rhodoplanes,M3,V,True,environment,Propionate,V,0.515,0.9749,0.5283,1,True
Ca_Sarcinithrix,M3,V,True,environment,Propionate,V,0.4991,0.9739,0.5125,2,True
alphaI_cluster,M3,V,True,environment,Propionate,V,0.4777,0.9959,0.4797,3,True
Ca_Accumulibacter,M3,V,True,environment,Propionate,V,0.4585,0.8911,0.5146,4,True
Ca_Leptovillus,M3,IV,True,environment,Propionate,V,0.4477,0.8312,0.5386,5,False
Rhizobiales,M3,V,True,environment,Propionate,V,0.4296,0.9978,0.4305,6,True
Rhodothermaceae,M3,V,True,environment,Propionate,V,0.4238,0.9725,0.4358,7,True
Ca_Caldilinea,M3,IV,True,environment,Propionate,V,0.3849,0.8772,0.4387,8,True
Ignavibacteria,M3,IV,True,environment,Propionate,V,0.283,0.6379,0.4437,9,False
Holophagae,M3,V,True,environment,Propionate,V,0.2298,0.9986,0.2302,10,True
Lysobacter,M3,IV,True,environment,Propionate,V,0.1983,0.5766,0.3439,11,False
Aeromonas,M2,III,True,environment,Propionate,V,0.0557,0.9024,0.0617,12,True
Hydrogenophaga,M2,III,True,environment,Propionate,V,-0.0944,-0.9911,0.0952,13,False
Dokdonella,M2,IV,True,environment,Propionate,V,-0.1227,-0.9363,0.1311,14,False
Denitratisoma,M2,III,True,environment,Propionate,V,-0.1721,-0.7003,0.2458,15,False
Azospira,M2,II,True,environment,Propionate,V,-0.2775,-0.9967,0.2785,16,False
Ca_Competibacter,M2,II,True,environment,Propionate,V,-0.3145,-0.9909,0.3174,17,False
Pseudoxanthomonas,M1,I,True,environment,Propionate,V,-0.4266,-0.9217,0.4629,18,False
Sediminibacterium,M1,I,True,environment,Propionate,V,-0.4583,-0.8009,0.5723,19,False
Zoogloea,M1,I,True,environment,Propionate,V,-0.4622,-0.8277,0.5584,20,False
Cloacibacterium,M1,I,True,environment,Propionate,V,-0.5056,-0.8366,0.6044,21,False
Gemmobacter,M1,I,True,environment,Propionate,V,-0.5251,-0.8807,0.5963,22,False
Thauera,M1,I,True,environment,Propionate,V,-0.5298,-0.8299,0.6384,23,False
Thauera,M1,I,True,environment,cumulative aeration,I,0.6371,0.998,0.6384,1,True
Cloacibacterium,M1,I,True,environment,cumulative aeration,I,0.6036,0.9987,0.6044,2,True
Gemmobacter,M1,I,True,environment,cumulative aeration,I,0.5959,0.9994,0.5963,3,True
Sediminibacterium,M1,I,True,environment,cumulative aeration,I,0.5686,0.9936,0.5723,4,True
Zoogloea,M1,I,True,environment,cumulative aeration,I,0.5571,0.9978,0.5584,5,True
Pseudoxanthomonas,M1,I,True,environment,cumulative aeration,I,0.4589,0.9915,0.4629,6,False
Ca_Competibacter,M2,II,True,environment,cumulative aeration,I,0.2499,0.7874,0.3174,7,False
Azospira,M2,II,True,environment,cumulative aeration,I,0.2282,0.8194,0.2785,8,False
Hydrogenophaga,M2,III,True,environment,cumulative aeration,I,0.0879,0.9228,0.0952,9,False
Dokdonella,M2,IV,True,environment,cumulative aeration,I,0.0827,0.6307,0.1311,10,False
Denitratisoma,M2,III,True,environment,cumulative aeration,I,0.06,0.244,0.2458,11,False
Aeromonas,M2,III,True,environment,cumulative aeration,I,-0.0615,-0.9965,0.0617,12,False
Holophagae,M3,V,True,environment,cumulative aeration,I,-0.1921,-0.8347,0.2302,13,False
Lysobacter,M3,IV,True,environment,cumulative aeration,I,-0.3131,-0.9103,0.3439,14,False
Rhizobiales,M3,V,True,environment,cumulative aeration,I,-0.3852,-0.8948,0.4305,15,False
Ignavibacteria,M3,IV,True,environment,cumulative aeration,I,-0.4168,-0.9395,0.4437,16,False
Rhodothermaceae,M3,V,True,environment,cumulative aeration,I,-0.417,-0.957,0.4358,17,False
alphaI_cluster,M3,V,True,environment,cumulative aeration,I,-0.4341,-0.9051,0.4797,18,False
Ca_Caldilinea,M3,IV,True,environment,cumulative aeration,I,-0.4386,-0.9996,0.4387,19,False
Ca_Sarcinithrix,M3,V,True,environment,cumulative aeration,I,-0.4896,-0.9553,0.5125,20,False
Rhodoplanes,M3,V,True,environment,cumulative aeration,I,-0.5039,-0.9539,0.5283,21,False
Ca_Accumulibacter,M3,V,True,environment,cumulative aeration,I,-0.5137,-0.9983,0.5146,22,False
Ca_Leptovillus,M3,IV,True,environment,cumulative aeration,I,-0.5376,-0.9982,0.5386,23,False
Ca_Leptovillus,M3,IV,True,performance,N removal (ppm) [N-ppn],V,0.4952,0.9751,0.5079,1,True
Ca_Accumulibacter,M3,V,True,performance,N removal (ppm) [N-ppn],V,0.4678,0.9401,0.4977,2,False
Rhodoplanes,M3,V,True,performance,N removal (ppm) [N-ppn],V,0.4347,0.8361,0.5199,3,False
Ca_Sarcinithrix,M3,V,True,performance,N removal (ppm) [N-ppn],V,0.4201,0.835,0.503,4,False
Ignavibacteria,M3,IV,True,performance,N removal (ppm) [N-ppn],V,0.4125,0.9973,0.4136,5,True
Ca_Caldilinea,M3,IV,True,performance,N removal (ppm) [N-ppn],V,0.3815,0.9445,0.4039,6,False
alphaI_cluster,M3,V,True,performance,N removal (ppm) [N-ppn],V,0.3728,0.7698,0.4842,7,False
Rhodothermaceae,M3,V,True,performance,N removal (ppm) [N-ppn],V,0.3535,0.8273,0.4273,8,False
Rhizobiales,M3,V,True,performance,N removal (ppm) [N-ppn],V,0.3309,0.7599,0.4355,9,False
Lysobacter,M3,IV,True,performance,N removal (ppm) [N-ppn],V,0.3168,0.9927,0.3191,10,False
Holophagae,M3,V,True,performance,N removal (ppm) [N-ppn],V,0.1641,0.7274,0.2256,11,False
Denitratisoma,M2,III,True,performance,N removal (ppm) [N-ppn],V,0.0401,0.1648,0.2431,12,False
Aeromonas,M2,III,True,performance,N removal (ppm) [N-ppn],V,0.0237,0.8156,0.029,13,False
Hydrogenophaga,M2,III,True,performance,N removal (ppm) [N-ppn],V,-0.0858,-0.8466,0.1013,14,False
Dokdonella,M2,IV,True,performance,N removal (ppm) [N-ppn],V,-0.109,-0.7057,0.1544,15,False
Azospira,M2,II,True,performance,N removal (ppm) [N-ppn],V,-0.1168,-0.4829,0.2418,16,False
Ca_Competibacter,M2,II,True,performance,N removal (ppm) [N-ppn],V,-0.1276,-0.4569,0.2793,17,False
Pseudoxanthomonas,M1,I,True,performance,N removal (ppm) [N-ppn],V,-0.4015,-0.9201,0.4363,18,False
Gemmobacter,M1,I,True,performance,N removal (ppm) [N-ppn],V,-0.5375,-0.9499,0.5658,19,False
Zoogloea,M1,I,True,performance,N removal (ppm) [N-ppn],V,-0.549,-0.9812,0.5595,20,False
Sediminibacterium,M1,I,True,performance,N removal (ppm) [N-ppn],V,-0.5731,-0.9877,0.5803,21,False
Cloacibacterium,M1,I,True,performance,N removal (ppm) [N-ppn],V,-0.5822,-0.976,0.5965,22,False
Thauera,M1,I,True,performance,N removal (ppm) [N-ppn],V,-0.6216,-0.9782,0.6354,23,False
Ca_Leptovillus,M3,IV,True,performance,P removal [P%],V,0.4569,0.8996,0.5079,1,False
Ca_Accumulibacter,M3,V,True,performance,P removal [P%],V,0.4173,0.8385,0.4977,2,False
Ignavibacteria,M3,IV,True,performance,P removal [P%],V,0.4087,0.9881,0.4136,3,False
Rhodoplanes,M3,V,True,performance,P removal [P%],V,0.3589,0.6903,0.5199,4,False
Ca_Sarcinithrix,M3,V,True,performance,P removal [P%],V,0.3465,0.6889,0.503,5,False
Ca_Caldilinea,M3,IV,True,performance,P removal [P%],V,0.3416,0.8457,0.4039,6,False
Lysobacter,M3,IV,True,performance,P removal [P%],V,0.3173,0.9943,0.3191,7,True
alphaI_cluster,M3,V,True,performance,P removal [P%],V,0.2932,0.6054,0.4842,8,False
Rhodothermaceae,M3,V,True,performance,P removal [P%],V,0.29,0.6787,0.4273,9,False
Rhizobiales,M3,V,True,performance,P removal [P%],V,0.2583,0.5931,0.4355,10,False
Holophagae,M3,V,True,performance,P removal [P%],V,0.1248,0.5533,0.2256,11,False
Denitratisoma,M2,III,True,performance,P removal [P%],V,0.0933,0.3838,0.2431,12,False
Aeromonas,M2,III,True,performance,P removal [P%],V,0.0269,0.9254,0.029,13,False
Azospira,M2,II,True,performance,P removal [P%],V,-0.0658,-0.2722,0.2418,14,False
Ca_Competibacter,M2,II,True,performance,P removal [P%],V,-0.0681,-0.2437,0.2793,15,False
Hydrogenophaga,M2,III,True,performance,P removal [P%],V,-0.0714,-0.7042,0.1013,16,False
Dokdonella,M2,IV,True,performance,P removal [P%],V,-0.0814,-0.5271,0.1544,17,False
Pseudoxanthomonas,M1,I,True,performance,P removal [P%],V,-0.3524,-0.8076,0.4363,18,False
Gemmobacter,M1,I,True,performance,P removal [P%],V,-0.4835,-0.8546,0.5658,19,False
Zoogloea,M1,I,True,performance,P removal [P%],V,-0.5103,-0.9121,0.5595,20,False
Cloacibacterium,M1,I,True,performance,P removal [P%],V,-0.5377,-0.9014,0.5965,22,False
Sediminibacterium,M1,I,True,performance,P removal [P%],V,-0.5377,-0.9266,0.5803,21,False
Thauera,M1,I,True,performance,P removal [P%],V,-0.5756,-0.9058,0.6354,23,False
Ca_Leptovillus,M3,IV,True,performance,anoxic:aerobic P uptake ratio,V,0.4236,0.8341,0.5079,1,False
Ignavibacteria,M3,IV,True,performance,anoxic:aerobic P uptake ratio,V,0.3967,0.9592,0.4136,2,False
Ca_Accumulibacter,M3,V,True,performance,anoxic:aerobic P uptake ratio,V,0.3779,0.7593,0.4977,3,False
Ca_Caldilinea,M3,IV,True,performance,anoxic:aerobic P uptake ratio,V,0.3102,0.7679,0.4039,4,False
Lysobacter,M3,IV,True,performance,anoxic:aerobic P uptake ratio,V,0.31,0.9715,0.3191,5,False
Rhodoplanes,M3,V,True,performance,anoxic:aerobic P uptake ratio,V,0.3061,0.5888,0.5199,6,False
Ca_Sarcinithrix,M3,V,True,performance,anoxic:aerobic P uptake ratio,V,0.2954,0.5872,0.503,7,False
Rhodothermaceae,M3,V,True,performance,anoxic:aerobic P uptake ratio,V,0.2461,0.5759,0.4273,8,False
alphaI_cluster,M3,V,True,performance,anoxic:aerobic P uptake ratio,V,0.2397,0.4951,0.4842,9,False
Rhizobiales,M3,V,True,performance,anoxic:aerobic P uptake ratio,V,0.2097,0.4816,0.4355,10,False
Denitratisoma,M2,III,True,performance,anoxic:aerobic P uptake ratio,V,0.1221,0.5023,0.2431,11,False
Holophagae,M3,V,True,performance,anoxic:aerobic P uptake ratio,V,0.0989,0.4385,0.2256,12,False
Aeromonas,M2,III,True,performance,anoxic:aerobic P uptake ratio,V,0.0281,0.9673,0.029,13,False
Ca_Competibacter,M2,II,True,performance,anoxic:aerobic P uptake ratio,V,-0.0317,-0.1136,0.2793,14,False
Azospira,M2,II,True,performance,anoxic:aerobic P uptake ratio,V,-0.0345,-0.1428,0.2418,15,False
Hydrogenophaga,M2,III,True,performance,anoxic:aerobic P uptake ratio,V,-0.0612,-0.6043,0.1013,16,False
Dokdonella,M2,IV,True,performance,anoxic:aerobic P uptake ratio,V,-0.0634,-0.4103,0.1544,17,False
Pseudoxanthomonas,M1,I,True,performance,anoxic:aerobic P uptake ratio,V,-0.3154,-0.7227,0.4363,18,False
Gemmobacter,M1,I,True,performance,anoxic:aerobic P uptake ratio,V,-0.4405,-0.7786,0.5658,19,False
Zoogloea,M1,I,True,performance,anoxic:aerobic P uptake ratio,V,-0.4756,-0.8501,0.5595,20,False
Cloacibacterium,M1,I,True,performance,anoxic:aerobic P uptake ratio,V,-0.4989,-0.8364,0.5965,21,False
Sediminibacterium,M1,I,True,performance,anoxic:aerobic P uptake ratio,V,-0.5042,-0.8689,0.5803,22,False
Thauera,M1,I,True,performance,anoxic:aerobic P uptake ratio,V,-0.535,-0.842,0.6354,23,False
Ignavibacteria,M3,IV,True,performance,peakN2O [mg/L],IV,0.3717,0.8986,0.4136,1,False
Ca_Leptovillus,M3,IV,True,performance,peakN2O [mg/L],IV,0.3709,0.7303,0.5079,2,False
Ca_Accumulibacter,M3,V,True,performance,peakN2O [mg/L],IV,0.3185,0.64,0.4977,3,False
Lysobacter,M3,IV,True,performance,peakN2O [mg/L],IV,0.293,0.9183,0.3191,4,False
Ca_Caldilinea,M3,IV,True,performance,peakN2O [mg/L],IV,0.2627,0.6502,0.4039,5,False
Rhodoplanes,M3,V,True,performance,peakN2O [mg/L],IV,0.2317,0.4457,0.5199,6,False
Ca_Sarcinithrix,M3,V,True,performance,peakN2O [mg/L],IV,0.2233,0.4439,0.503,7,False
Rhodothermaceae,M3,V,True,performance,peakN2O [mg/L],IV,0.1843,0.4314,0.4273,8,False
alphaI_cluster,M3,V,True,performance,peakN2O [mg/L],IV,0.1662,0.3432,0.4842,9,False
Denitratisoma,M2,III,True,performance,peakN2O [mg/L],IV,0.1554,0.6395,0.2431,10,True
Rhizobiales,M3,V,True,performance,peakN2O [mg/L],IV,0.1431,0.3286,0.4355,11,False
Holophagae,M3,V,True,performance,peakN2O [mg/L],IV,0.0637,0.2824,0.2256,12,False
Aeromonas,M2,III,True,performance,peakN2O [mg/L],IV,0.0289,0.9961,0.029,13,True
Ca_Competibacter,M2,II,True,performance,peakN2O [mg/L],IV,0.015,0.0537,0.2793,14,True
Azospira,M2,II,True,performance,peakN2O [mg/L],IV,0.0059,0.0243,0.2418,15,True
Dokdonella,M2,IV,True,performance,peakN2O [mg/L],IV,-0.039,-0.2524,0.1544,16,True
Hydrogenophaga,M2,III,True,performance,peakN2O [mg/L],IV,-0.0469,-0.4629,0.1013,17,True
Pseudoxanthomonas,M1,I,True,performance,peakN2O [mg/L],IV,-0.2606,-0.5973,0.4363,18,True
Gemmobacter,M1,I,True,performance,peakN2O [mg/L],IV,-0.3751,-0.663,0.5658,19,True
Zoogloea,M1,I,True,performance,peakN2O [mg/L],IV,-0.4198,-0.7503,0.5595,20,True
Cloacibacterium,M1,I,True,performance,peakN2O [mg/L],IV,-0.4374,-0.7332,0.5965,21,True
Sediminibacterium,M1,I,True,performance,peakN2O [mg/L],IV,-0.4492,-0.7741,0.5803,22,True
Thauera,M1,I,True,performance,peakN2O [mg/L],IV,-0.4703,-0.7402,0.6354,23,True
Rhodoplanes,M3,V,True,performance,specific denitrification rates,V,0.5169,0.9941,0.5199,1,True
Ca_Sarcinithrix,M3,V,True,performance,specific denitrification rates,V,0.5002,0.9943,0.503,2,True
alphaI_cluster,M3,V,True,performance,specific denitrification rates,V,0.4842,1.0,0.4842,3,True
Ca_Accumulibacter,M3,V,True,performance,specific denitrification rates,V,0.469,0.9423,0.4977,4,False
Ca_Leptovillus,M3,IV,True,performance,specific denitrification rates,V,0.4538,0.8936,0.5079,5,False
Rhizobiales,M3,V,True,performance,specific denitrification rates,V,0.4354,0.9998,0.4355,6,True
Rhodothermaceae,M3,V,True,performance,specific denitrification rates,V,0.4254,0.9957,0.4273,7,True
Ca_Caldilinea,M3,IV,True,performance,specific denitrification rates,V,0.3788,0.9378,0.4039,8,False
Ignavibacteria,M3,IV,True,performance,specific denitrification rates,V,0.2989,0.7226,0.4136,9,False
Holophagae,M3,V,True,performance,specific denitrification rates,V,0.2251,0.9978,0.2256,10,True
Lysobacter,M3,IV,True,performance,specific denitrification rates,V,0.2199,0.6892,0.3191,11,False
Aeromonas,M2,III,True,performance,specific denitrification rates,V,0.0076,0.2615,0.029,12,False
Hydrogenophaga,M2,III,True,performance,specific denitrification rates,V,-0.1005,-0.9918,0.1013,13,False
Denitratisoma,M2,III,True,performance,specific denitrification rates,V,-0.1215,-0.5001,0.2431,14,False
Dokdonella,M2,IV,True,performance,specific denitrification rates,V,-0.1537,-0.9952,0.1544,15,False
Azospira,M2,II,True,performance,specific denitrification rates,V,-0.2248,-0.9296,0.2418,16,False
Ca_Competibacter,M2,II,True,performance,specific denitrification rates,V,-0.2565,-0.9183,0.2793,17,False
Pseudoxanthomonas,M1,I,True,performance,specific denitrification rates,V,-0.4185,-0.9591,0.4363,18,False
Zoogloea,M1,I,True,performance,specific denitrification rates,V,-0.4922,-0.8799,0.5595,19,False
Sediminibacterium,M1,I,True,performance,specific denitrification rates,V,-0.5001,-0.8618,0.5803,20,False
Gemmobacter,M1,I,True,performance,specific denitrification rates,V,-0.5272,-0.9318,0.5658,21,False
Cloacibacterium,M1,I,True,performance,specific denitrification rates,V,-0.5319,-0.8917,0.5965,22,False
Thauera,M1,I,True,performance,specific denitrification rates,V,-0.5636,-0.887,0.6354,23,False
Rhodoplanes,M3,V,True,performance,specific denitrifying P uptake rate,V,0.5167,0.9939,0.5199,1,False
Ca_Sarcinithrix,M3,V,True,performance,specific denitrifying P uptake rate,V,0.4999,0.9937,0.503,2,False
Ca_Accumulibacter,M3,V,True,performance,specific denitrifying P uptake rate,V,0.494,0.9926,0.4977,3,True
Ca_Leptovillus,M3,IV,True,performance,specific denitrifying P uptake rate,V,0.4926,0.9698,0.5079,4,False
alphaI_cluster,M3,V,True,performance,specific denitrifying P uptake rate,V,0.4723,0.9754,0.4842,5,False
Rhodothermaceae,M3,V,True,performance,specific denitrifying P uptake rate,V,0.4238,0.992,0.4273,6,False
Rhizobiales,M3,V,True,performance,specific denitrifying P uptake rate,V,0.4232,0.9719,0.4355,7,False
Ca_Caldilinea,M3,IV,True,performance,specific denitrifying P uptake rate,V,0.4003,0.9909,0.4039,8,True
Ignavibacteria,M3,IV,True,performance,specific denitrifying P uptake rate,V,0.3539,0.8557,0.4136,9,False
Lysobacter,M3,IV,True,performance,specific denitrifying P uptake rate,V,0.265,0.8303,0.3191,10,False
Holophagae,M3,V,True,performance,specific denitrifying P uptake rate,V,0.2164,0.9593,0.2256,11,False
Aeromonas,M2,III,True,performance,specific denitrifying P uptake rate,V,0.0135,0.4652,0.029,12,False
Denitratisoma,M2,III,True,performance,specific denitrifying P uptake rate,V,-0.0728,-0.2997,0.2431,13,False
Hydrogenophaga,M2,III,True,performance,specific denitrifying P uptake rate,V,-0.1009,-0.9958,0.1013,14,False
Dokdonella,M2,IV,True,performance,specific denitrifying P uptake rate,V,-0.1467,-0.95,0.1544,15,False
Azospira,M2,II,True,performance,specific denitrifying P uptake rate,V,-0.2,-0.8271,0.2418,16,False
Ca_Competibacter,M2,II,True,performance,specific denitrifying P uptake rate,V,-0.2263,-0.8102,0.2793,17,False
Pseudoxanthomonas,M1,I,True,performance,specific denitrifying P uptake rate,V,-0.4353,-0.9977,0.4363,18,False
Zoogloea,M1,I,True,performance,specific denitrifying P uptake rate,V,-0.5383,-0.9622,0.5595,19,False
Sediminibacterium,M1,I,True,performance,specific denitrifying P uptake rate,V,-0.5521,-0.9515,0.5803,20,False
Gemmobacter,M1,I,True,performance,specific denitrifying P uptake rate,V,-0.5593,-0.9884,0.5658,21,False
Cloacibacterium,M1,I,True,performance,specific denitrifying P uptake rate,V,-0.5779,-0.9688,0.5965,22,False
Thauera,M1,I,True,performance,specific denitrifying P uptake rate,V,-0.6139,-0.9662,0.6354,23,False
